0000006f	Vsa.Sim.DecodeTable.Batch01Part01
00000313	Vsa.Sim.DecodeTable.Batch01Part01
00000413	Vsa.Sim.DecodeTable.Batch01Part01
00000493	Vsa.Sim.DecodeTable.Batch01Part01
00000513	Vsa.Sim.DecodeTable.Batch01Part01
00000517	Dc.Mach.DecodeTable.Part00
00000593	Vsa.Sim.DecodeTable.Batch01Part01
00000597	Dc.Mach.DecodeTable.Part00
00000613	Vsa.Sim.DecodeTable.Batch01Part01
00000693	Vsa.Sim.DecodeTable.Batch01Part01
00000713	Vsa.Sim.DecodeTable.Batch01Part01
00000793	Vsa.Sim.DecodeTable.Batch01Part01
00000813	Vsa.Sim.DecodeTable.Batch01Part01
00000913	Vsa.Sim.DecodeTable.Batch01Part02
00000993	Vsa.Sim.DecodeTable.Batch01Part02
00000a13	Vsa.Sim.DecodeTable.Batch01Part02
00000a93	Vsa.Sim.DecodeTable.Batch01Part02
00000b13	Vsa.Sim.DecodeTable.Batch01Part02
00000b17	Dc.Mach.DecodeTable.Part00
00000c13	Vsa.Sim.DecodeTable.Batch01Part02
00000d13	Vsa.Sim.DecodeTable.Batch01Part02
00001417	Dc.Mach.DecodeTable.Part00
00001517	Dc.Mach.DecodeTable.Part00
00001a97	Dc.Mach.DecodeTable.Part00
00002023	Dc.Mach.DecodeTable.Part00
00002517	Dc.Mach.DecodeTable.Part00
00002617	Dc.Mach.DecodeTable.Part00
00004517	Dc.Mach.DecodeTable.Part00
00004597	Dc.Mach.DecodeTable.Part00
00004617	Dc.Mach.DecodeTable.Part00
00005417	Dc.Mach.DecodeTable.Part00
00005517	Dc.Mach.DecodeTable.Part00
00005597	Vsa.Sim.DecodeTable.Batch01Part03
00005617	Dc.Mach.DecodeTable.Part00
00005697	Dc.Mach.DecodeTable.Part00
00005717	Dc.Mach.DecodeTable.Part00
00006417	Dc.Mach.DecodeTable.Part00
00006517	Vsa.Sim.DecodeTable.Batch01Part04
00006597	Dc.Mach.DecodeTable.Part00
00006617	Dc.Mach.DecodeTable.Part00
00006917	Dc.Mach.DecodeTable.Part00
00006c17	Dc.Mach.DecodeTable.Part00
00006c97	Dc.Mach.DecodeTable.Part00
00007417	Dc.Mach.DecodeTable.Part00
00007517	Vsa.Sim.DecodeTable.Batch01Part04
00007597	Dc.Mach.DecodeTable.Part00
00007617	Dc.Mach.DecodeTable.Part00
00007717	Vsa.Sim.DecodeTable.Batch01Part04
00007797	Dc.Mach.DecodeTable.Part00
00007917	Dc.Mach.DecodeTable.Part00
00007997	Dc.Mach.DecodeTable.Part00
00007a97	Dc.Mach.DecodeTable.Part00
00008067	Vsa.Sim.DecodeTable.Batch01Part04
00008293	Vsa.Sim.DecodeTable.Batch01Part04
00008917	Dc.Mach.DecodeTable.Part00
00008b17	Dc.Mach.DecodeTable.Part00
00008b97	Dc.Mach.DecodeTable.Part00
00010513	Vsa.Sim.DecodeTable.Batch01Part06
00010613	Dc.Mach.DecodeTable.Part00
00010693	Dc.Mach.DecodeTable.Part00
00012603	Dc.Mach.DecodeTable.Part00
00013403	Vsa.Sim.DecodeTable.Batch01Part08
00013423	Vsa.Sim.DecodeTable.Batch01Part08
00013503	Vsa.Sim.DecodeTable.Batch01Part08
00013583	Vsa.Sim.DecodeTable.Batch01Part08
00013603	Vsa.Sim.DecodeTable.Batch01Part08
00013683	Vsa.Sim.DecodeTable.Batch01Part08
00013703	Vsa.Sim.DecodeTable.Batch01Part08
00013783	Vsa.Sim.DecodeTable.Batch01Part08
00013823	Vsa.Sim.DecodeTable.Batch01Part08
00013a03	Vsa.Sim.DecodeTable.Batch01Part08
00013b03	Vsa.Sim.DecodeTable.Batch01Part08
00013c23	Vsa.Sim.DecodeTable.Batch01Part09
00015797	Dc.Mach.DecodeTable.Part00
00016517	Vsa.Sim.DecodeTable.Batch01Part09
00016717	Vsa.Sim.DecodeTable.Batch01Part10
00016797	Vsa.Sim.DecodeTable.Batch01Part10
00016917	Dc.Mach.DecodeTable.Part00
00016a17	Dc.Mach.DecodeTable.Part00
00016b97	Dc.Mach.DecodeTable.Part00
00016d97	Dc.Mach.DecodeTable.Part00
00017497	Dc.Mach.DecodeTable.Part00
00017617	Dc.Mach.DecodeTable.Part00
00017717	Vsa.Sim.DecodeTable.Batch01Part10
00017797	Dc.Mach.DecodeTable.Part00
00017a17	Dc.Mach.DecodeTable.Part00
00017b17	Dc.Mach.DecodeTable.Part00
00017e17	Dc.Mach.DecodeTable.Part00
00018697	Dc.Mach.DecodeTable.Part00
00018717	Dc.Mach.DecodeTable.Part00
00018797	Dc.Mach.DecodeTable.Part00
00018817	Dc.Mach.DecodeTable.Part00
00018917	Dc.Mach.DecodeTable.Part00
00018c17	Dc.Mach.DecodeTable.Part00
00018c97	Dc.Mach.DecodeTable.Part00
00019417	Dc.Mach.DecodeTable.Part00
00019597	Dc.Mach.DecodeTable.Part00
00019617	Dc.Mach.DecodeTable.Part00
00019697	Dc.Mach.DecodeTable.Part00
00019717	Dc.Mach.DecodeTable.Part00
00019797	Dc.Mach.DecodeTable.Part00
00019817	Dc.Mach.DecodeTable.Part00
00019a17	Dc.Mach.DecodeTable.Part00
00019c17	Dc.Mach.DecodeTable.Part00
0001a417	Dc.Mach.DecodeTable.Part00
0001a497	Dc.Mach.DecodeTable.Part00
0001a517	Dc.Mach.DecodeTable.Part00
0001a597	Dc.Mach.DecodeTable.Part00
0001a617	Dc.Mach.DecodeTable.Part00
0001a697	Dc.Mach.DecodeTable.Part00
0001a717	Dc.Mach.DecodeTable.Part00
0001a797	Dc.Mach.DecodeTable.Part00
0001a817	Dc.Mach.DecodeTable.Part00
0001aa17	Dc.Mach.DecodeTable.Part00
0001b197	Dc.Mach.DecodeTable.Part00
0001b417	Dc.Mach.DecodeTable.Part00
0001b517	Dc.Mach.DecodeTable.Part00
0001b597	Dc.Mach.DecodeTable.Part00
0001b617	Dc.Mach.DecodeTable.Part00
0001b697	Dc.Mach.DecodeTable.Part00
0001b717	Vsa.Sim.DecodeTable.Batch01Part10
0001b797	Dc.Mach.DecodeTable.Part00
0001c517	Dc.Mach.DecodeTable.Part00
0001c597	Dc.Mach.DecodeTable.Part00
0001c617	Dc.Mach.DecodeTable.Part00
0001c697	Dc.Mach.DecodeTable.Part00
0001c717	Dc.Mach.DecodeTable.Part00
0001c797	Vsa.Sim.DecodeTable.Batch01Part10
0001d297	Dc.Mach.DecodeTable.Part00
0001d317	Dc.Mach.DecodeTable.Part00
0001d517	Dc.Mach.DecodeTable.Part00
00028067	Vsa.Sim.DecodeTable.Batch01Part10
0002b023	Dc.Mach.DecodeTable.Part00
00030593	Dc.Mach.DecodeTable.Part00
00030613	Vsa.Sim.DecodeTable.Batch01Part11
00030813	Vsa.Sim.DecodeTable.Batch01Part11
00040493	Dc.Mach.DecodeTable.Part00
00040513	Vsa.Sim.DecodeTable.Batch01Part12
00040593	Vsa.Sim.DecodeTable.Batch01Part12
0004059b	Dc.Mach.DecodeTable.Part00
00040613	Vsa.Sim.DecodeTable.Batch01Part12
00040663	Dc.Mach.DecodeTable.Part00
00040693	Vsa.Sim.DecodeTable.Batch01Part12
00040713	Vsa.Sim.DecodeTable.Batch01Part12
00040793	Vsa.Sim.DecodeTable.Batch01Part12
0004079b	Vsa.Sim.DecodeTable.Batch01Part12
00040863	Vsa.Sim.DecodeTable.Batch01Part12
00040a63	Dc.Mach.DecodeTable.Part00
00040a93	Dc.Mach.DecodeTable.Part00
00040b13	Vsa.Sim.DecodeTable.Batch01Part12
00040d13	Vsa.Sim.DecodeTable.Batch01Part13
00042023	Dc.Mach.DecodeTable.Part00
00042423	Vsa.Sim.DecodeTable.Batch01Part13
00042503	Dc.Mach.DecodeTable.Part00
00042683	Dc.Mach.DecodeTable.Part00
00042783	Vsa.Sim.DecodeTable.Batch01Part13
00043503	Vsa.Sim.DecodeTable.Batch01Part13
00043683	Vsa.Sim.DecodeTable.Batch01Part13
00043783	Vsa.Sim.DecodeTable.Batch01Part13
00044503	Dc.Mach.DecodeTable.Part00
00044683	Dc.Mach.DecodeTable.Part00
00044703	Dc.Mach.DecodeTable.Part01
00044783	Dc.Mach.DecodeTable.Part01
00048023	Dc.Mach.DecodeTable.Part01
000480e7	Dc.Mach.DecodeTable.Part01
00048413	Vsa.Sim.DecodeTable.Batch01Part14
00048513	Vsa.Sim.DecodeTable.Batch01Part14
00048593	Vsa.Sim.DecodeTable.Batch01Part14
00048613	Vsa.Sim.DecodeTable.Batch01Part14
00048693	Vsa.Sim.DecodeTable.Batch01Part14
00048793	Vsa.Sim.DecodeTable.Batch01Part14
0004879b	Dc.Mach.DecodeTable.Part01
00048863	Dc.Mach.DecodeTable.Part01
00048913	Dc.Mach.DecodeTable.Part01
00048993	Vsa.Sim.DecodeTable.Batch01Part14
00048a93	Dc.Mach.DecodeTable.Part01
00048c63	Dc.Mach.DecodeTable.Part01
0004a403	Dc.Mach.DecodeTable.Part01
0004a583	Dc.Mach.DecodeTable.Part01
0004a683	Dc.Mach.DecodeTable.Part01
0004a783	Vsa.Sim.DecodeTable.Batch01Part14
0004b503	Vsa.Sim.DecodeTable.Batch01Part15
0004b583	Vsa.Sim.DecodeTable.Batch01Part15
0004b683	Vsa.Sim.DecodeTable.Batch01Part15
0004b703	Dc.Mach.DecodeTable.Part01
0004b783	Dc.Mach.DecodeTable.Part01
0004b803	Dc.Mach.DecodeTable.Part01
0004c583	Dc.Mach.DecodeTable.Part01
00050023	Dc.Mach.DecodeTable.Part01
00050413	Vsa.Sim.DecodeTable.Batch01Part15
0005041b	Dc.Mach.DecodeTable.Part01
00050463	Vsa.Sim.DecodeTable.Batch01Part15
00050493	Vsa.Sim.DecodeTable.Batch01Part15
0005049b	Vsa.Sim.DecodeTable.Batch01Part15
0005051b	Vsa.Sim.DecodeTable.Batch01Part15
00050593	Vsa.Sim.DecodeTable.Batch01Part15
00050613	Vsa.Sim.DecodeTable.Batch01Part15
0005061b	Dc.Mach.DecodeTable.Part01
00050663	Vsa.Sim.DecodeTable.Batch01Part16
00050693	Vsa.Sim.DecodeTable.Batch01Part16
00050713	Vsa.Sim.DecodeTable.Batch01Part16
0005071b	Dc.Mach.DecodeTable.Part01
00050793	Vsa.Sim.DecodeTable.Batch01Part16
0005079b	Vsa.Sim.DecodeTable.Batch01Part16
00050863	Vsa.Sim.DecodeTable.Batch01Part16
00050913	Vsa.Sim.DecodeTable.Batch01Part16
0005091b	Dc.Mach.DecodeTable.Part01
00050993	Vsa.Sim.DecodeTable.Batch01Part16
0005099b	Dc.Mach.DecodeTable.Part01
00050a13	Vsa.Sim.DecodeTable.Batch01Part16
00050a63	Dc.Mach.DecodeTable.Part01
00050a93	Vsa.Sim.DecodeTable.Batch01Part16
00050b13	Vsa.Sim.DecodeTable.Batch01Part17
00050b1b	Vsa.Sim.DecodeTable.Batch01Part17
00050c13	Dc.Mach.DecodeTable.Part01
00050c63	Vsa.Sim.DecodeTable.Batch01Part17
00050c93	Vsa.Sim.DecodeTable.Batch01Part17
00050d1b	Dc.Mach.DecodeTable.Part01
00050d93	Vsa.Sim.DecodeTable.Batch01Part17
00050d9b	Dc.Mach.DecodeTable.Part01
00050e13	Vsa.Sim.DecodeTable.Batch01Part17
00050e63	Dc.Mach.DecodeTable.Part01
00051463	Vsa.Sim.DecodeTable.Batch01Part17
00051663	Vsa.Sim.DecodeTable.Batch01Part17
00051863	Dc.Mach.DecodeTable.Part01
00051c63	Dc.Mach.DecodeTable.Part01
00051e63	Dc.Mach.DecodeTable.Part01
00052023	Vsa.Sim.DecodeTable.Batch01Part18
00052483	Dc.Mach.DecodeTable.Part01
00052503	Dc.Mach.DecodeTable.Part01
00052603	Dc.Mach.DecodeTable.Part01
00052683	Dc.Mach.DecodeTable.Part01
00052703	Vsa.Sim.DecodeTable.Batch01Part18
00052783	Vsa.Sim.DecodeTable.Batch01Part18
00052803	Dc.Mach.DecodeTable.Part01
00053483	Dc.Mach.DecodeTable.Part01
00053503	Dc.Mach.DecodeTable.Part01
00053703	Vsa.Sim.DecodeTable.Batch01Part18
00053823	Vsa.Sim.DecodeTable.Batch01Part18
00053c23	Vsa.Sim.DecodeTable.Batch01Part18
00054503	Dc.Mach.DecodeTable.Part01
00054783	Vsa.Sim.DecodeTable.Batch01Part18
00054c63	Vsa.Sim.DecodeTable.Batch01Part19
00055663	Dc.Mach.DecodeTable.Part01
00058413	Vsa.Sim.DecodeTable.Batch01Part19
00058463	Vsa.Sim.DecodeTable.Batch01Part19
00058493	Vsa.Sim.DecodeTable.Batch01Part19
00058513	Vsa.Sim.DecodeTable.Batch01Part19
0005851b	Dc.Mach.DecodeTable.Part01
00058613	Vsa.Sim.DecodeTable.Batch01Part19
00058693	Vsa.Sim.DecodeTable.Batch01Part19
00058713	Vsa.Sim.DecodeTable.Batch01Part19
0005871b	Dc.Mach.DecodeTable.Part01
00058793	Vsa.Sim.DecodeTable.Batch01Part19
00058813	Vsa.Sim.DecodeTable.Batch01Part19
00058893	Vsa.Sim.DecodeTable.Batch01Part19
00058913	Vsa.Sim.DecodeTable.Batch01Part20
00058a13	Vsa.Sim.DecodeTable.Batch01Part20
00058a63	Dc.Mach.DecodeTable.Part01
00058a93	Vsa.Sim.DecodeTable.Batch01Part20
00058b93	Vsa.Sim.DecodeTable.Batch01Part20
00058c13	Vsa.Sim.DecodeTable.Batch01Part20
00058c93	Vsa.Sim.DecodeTable.Batch01Part20
0005a683	Dc.Mach.DecodeTable.Part01
0005a703	Dc.Mach.DecodeTable.Part01
0005a783	Vsa.Sim.DecodeTable.Batch01Part20
0005c303	Dc.Mach.DecodeTable.Part01
0005c503	Dc.Mach.DecodeTable.Part01
0005c703	Vsa.Sim.DecodeTable.Batch01Part21
0005c783	Vsa.Sim.DecodeTable.Batch01Part21
0005ca63	Vsa.Sim.DecodeTable.Batch01Part21
0005d663	Dc.Mach.DecodeTable.Part01
000600e7	Dc.Mach.DecodeTable.Part01
00060313	Dc.Mach.DecodeTable.Part01
00060413	Vsa.Sim.DecodeTable.Batch01Part21
00060493	Vsa.Sim.DecodeTable.Batch01Part21
00060503	Dc.Mach.DecodeTable.Part01
00060513	Vsa.Sim.DecodeTable.Batch01Part21
00060593	Vsa.Sim.DecodeTable.Batch01Part21
0006059b	Dc.Mach.DecodeTable.Part01
00060663	Dc.Mach.DecodeTable.Part01
00060693	Vsa.Sim.DecodeTable.Batch01Part22
00060713	Vsa.Sim.DecodeTable.Batch18
0006071b	Vsa.Sim.DecodeTable.Batch01Part22
00060783	Dc.Mach.DecodeTable.Part01
00060863	Dc.Mach.DecodeTable.Part01
00060913	Vsa.Sim.DecodeTable.Batch01Part22
00060993	Vsa.Sim.DecodeTable.Batch01Part22
00060b13	Vsa.Sim.DecodeTable.Batch01Part22
00060b93	Dc.Mach.DecodeTable.Part01
00060c93	Vsa.Sim.DecodeTable.Batch01Part22
00061a63	Dc.Mach.DecodeTable.Part01
00062883	Dc.Mach.DecodeTable.Part01
00064583	Dc.Mach.DecodeTable.Part01
00064603	Dc.Mach.DecodeTable.Part01
00064703	Dc.Mach.DecodeTable.Part01
00064783	Vsa.Sim.DecodeTable.Batch01Part23
000680e7	Vsa.Sim.DecodeTable.Batch01Part23
00068413	Vsa.Sim.DecodeTable.Batch01Part23
00068463	Vsa.Sim.DecodeTable.Batch01Part23
00068493	Dc.Mach.DecodeTable.Part01
00068513	Vsa.Sim.DecodeTable.Batch01Part23
00068593	Vsa.Sim.DecodeTable.Batch01Part23
0006859b	Dc.Mach.DecodeTable.Part01
00068613	Vsa.Sim.DecodeTable.Batch01Part23
00068713	Vsa.Sim.DecodeTable.Batch01Part23
0006871b	Vsa.Sim.DecodeTable.Batch01Part24
00068793	Vsa.Sim.DecodeTable.Batch01Part24
0006879b	Vsa.Sim.DecodeTable.Batch01Part24
00068893	Dc.Mach.DecodeTable.Part01
00068913	Vsa.Sim.DecodeTable.Batch01Part24
00068a93	Dc.Mach.DecodeTable.Part01
00068b13	Dc.Mach.DecodeTable.Part01
00068b93	Vsa.Sim.DecodeTable.Batch01Part24
00069663	Vsa.Sim.DecodeTable.Batch01Part25
00069863	Dc.Mach.DecodeTable.Part01
0006a603	Vsa.Sim.DecodeTable.Batch01Part25
0006a683	Dc.Mach.DecodeTable.Part01
0006a703	Dc.Mach.DecodeTable.Part01
0006b403	Dc.Mach.DecodeTable.Part01
0006c683	Vsa.Sim.DecodeTable.Batch01Part25
0006c703	Dc.Mach.DecodeTable.Part01
0006c783	Vsa.Sim.DecodeTable.Batch01Part25
0006cb83	Dc.Mach.DecodeTable.Part01
00070023	Vsa.Sim.DecodeTable.Batch01Part26
00070413	Vsa.Sim.DecodeTable.Batch01Part26
0007041b	Dc.Mach.DecodeTable.Part01
00070463	Vsa.Sim.DecodeTable.Batch01Part26
00070493	Vsa.Sim.DecodeTable.Batch01Part26
00070513	Vsa.Sim.DecodeTable.Batch01Part26
00070593	Vsa.Sim.DecodeTable.Batch01Part26
00070613	Vsa.Sim.DecodeTable.Batch01Part26
00070663	Vsa.Sim.DecodeTable.Batch01Part26
00070693	Vsa.Sim.DecodeTable.Batch01Part26
00070793	Vsa.Sim.DecodeTable.Batch01Part26
00070813	Dc.Mach.DecodeTable.Part01
00070913	Vsa.Sim.DecodeTable.Batch01Part26
00070993	Vsa.Sim.DecodeTable.Batch01Part27
00070a9b	Dc.Mach.DecodeTable.Part01
00070c13	Vsa.Sim.DecodeTable.Batch01Part27
00071663	Vsa.Sim.DecodeTable.Batch01Part27
00072603	Dc.Mach.DecodeTable.Part01
00072683	Dc.Mach.DecodeTable.Part01
00072703	Vsa.Sim.DecodeTable.Batch01Part28
00072883	Dc.Mach.DecodeTable.Part01
00073503	Dc.Mach.DecodeTable.Part01
00073703	Vsa.Sim.DecodeTable.Batch01Part28
00074503	Dc.Mach.DecodeTable.Part01
00074583	Dc.Mach.DecodeTable.Part01
00074603	Dc.Mach.DecodeTable.Part01
00074683	Dc.Mach.DecodeTable.Part01
00074703	Dc.Mach.DecodeTable.Part01
00074803	Dc.Mach.DecodeTable.Part01
00078023	Vsa.Sim.DecodeTable.Batch01Part29
00078067	Vsa.Sim.DecodeTable.Batch01Part29
000780e7	Vsa.Sim.DecodeTable.Batch01Part29
00078413	Vsa.Sim.DecodeTable.Batch01Part29
0007841b	Vsa.Sim.DecodeTable.Batch01Part29
00078493	Vsa.Sim.DecodeTable.Batch01Part29
00078513	Vsa.Sim.DecodeTable.Batch01Part29
00078593	Vsa.Sim.DecodeTable.Batch01Part29
00078613	Vsa.Sim.DecodeTable.Batch01Part29
00078663	Vsa.Sim.DecodeTable.Batch01Part29
00078693	Vsa.Sim.DecodeTable.Batch01Part29
00078713	Vsa.Sim.DecodeTable.Batch01Part30
00078863	Vsa.Sim.DecodeTable.Batch01Part30
00078913	Vsa.Sim.DecodeTable.Batch01Part30
0007891b	Dc.Mach.DecodeTable.Part01
00078993	Dc.Mach.DecodeTable.Part01
00078a13	Dc.Mach.DecodeTable.Part01
00078a1b	Vsa.Sim.DecodeTable.Batch01Part30
00078a63	Vsa.Sim.DecodeTable.Batch01Part30
00078a9b	Dc.Mach.DecodeTable.Part01
00078c1b	Vsa.Sim.DecodeTable.Batch01Part30
00078c63	Vsa.Sim.DecodeTable.Batch01Part31
00078d93	Vsa.Sim.DecodeTable.Batch01Part31
00078e63	Vsa.Sim.DecodeTable.Batch01Part31
00079463	Vsa.Sim.DecodeTable.Batch01Part31
00079663	Vsa.Sim.DecodeTable.Batch01Part31
00079863	Vsa.Sim.DecodeTable.Batch01Part31
00079c63	Vsa.Sim.DecodeTable.Batch01Part31
00079e63	Vsa.Sim.DecodeTable.Batch01Part31
0007a023	Vsa.Sim.DecodeTable.Batch01Part31
0007a703	Vsa.Sim.DecodeTable.Batch01Part32
0007a783	Vsa.Sim.DecodeTable.Batch01Part32
0007b023	Vsa.Sim.DecodeTable.Batch01Part32
0007b403	Dc.Mach.DecodeTable.Part01
0007b503	Vsa.Sim.DecodeTable.Batch01Part32
0007b583	Vsa.Sim.DecodeTable.Batch01Part32
0007b703	Vsa.Sim.DecodeTable.Batch01Part32
0007b783	Vsa.Sim.DecodeTable.Batch01Part32
0007ba23	Dc.Mach.DecodeTable.Part01
0007c503	Vsa.Sim.DecodeTable.Batch02Part01
0007c583	Dc.Mach.DecodeTable.Part01
0007c603	Dc.Mach.DecodeTable.Part01
0007c683	Dc.Mach.DecodeTable.Part01
0007c703	Vsa.Sim.DecodeTable.Batch02Part01
0007c783	Vsa.Sim.DecodeTable.Batch02Part01
0007ce03	Dc.Mach.DecodeTable.Part01
0007d663	Dc.Mach.DecodeTable.Part01
00080313	Vsa.Sim.DecodeTable.Batch02Part01
00080613	Vsa.Sim.DecodeTable.Batch02Part01
00080693	Dc.Mach.DecodeTable.Part01
00080793	Vsa.Sim.DecodeTable.Batch02Part02
00083603	Dc.Mach.DecodeTable.Part01
00083703	Dc.Mach.DecodeTable.Part01
00084703	Dc.Mach.DecodeTable.Part01
00084783	Dc.Mach.DecodeTable.Part01
00084883	Dc.Mach.DecodeTable.Part02
00088593	Vsa.Sim.DecodeTable.Batch02Part02
00088693	Vsa.Sim.DecodeTable.Batch02Part02
00088793	Vsa.Sim.DecodeTable.Batch02Part03
00088813	Dc.Mach.DecodeTable.Part02
00088a1b	Dc.Mach.DecodeTable.Part02
0008c303	Dc.Mach.DecodeTable.Part02
0008c783	Dc.Mach.DecodeTable.Part02
00090023	Dc.Mach.DecodeTable.Part02
000900e7	Dc.Mach.DecodeTable.Part02
0009049b	Dc.Mach.DecodeTable.Part02
00090513	Vsa.Sim.DecodeTable.Batch02Part03
00090593	Vsa.Sim.DecodeTable.Batch02Part03
0009059b	Dc.Mach.DecodeTable.Part02
00090613	Vsa.Sim.DecodeTable.Batch02Part03
0009061b	Dc.Mach.DecodeTable.Part02
00090693	Vsa.Sim.DecodeTable.Batch02Part03
0009071b	Dc.Mach.DecodeTable.Part02
00090793	Dc.Mach.DecodeTable.Part02
00090993	Dc.Mach.DecodeTable.Part02
00090a13	Dc.Mach.DecodeTable.Part02
00090d9b	Dc.Mach.DecodeTable.Part02
00092783	Dc.Mach.DecodeTable.Part02
00093603	Dc.Mach.DecodeTable.Part02
00093783	Vsa.Sim.DecodeTable.Batch02Part04
00093883	Dc.Mach.DecodeTable.Part02
00093d03	Dc.Mach.DecodeTable.Part02
00093d83	Dc.Mach.DecodeTable.Part02
00098413	Dc.Mach.DecodeTable.Part02
00098463	Dc.Mach.DecodeTable.Part02
0009849b	Dc.Mach.DecodeTable.Part02
00098513	Vsa.Sim.DecodeTable.Batch02Part04
00098593	Vsa.Sim.DecodeTable.Batch02Part04
00098613	Vsa.Sim.DecodeTable.Batch02Part04
00098713	Dc.Mach.DecodeTable.Part02
00098793	Dc.Mach.DecodeTable.Part02
00098a13	Dc.Mach.DecodeTable.Part02
00098a1b	Dc.Mach.DecodeTable.Part02
00098b13	Vsa.Sim.DecodeTable.Batch02Part04
00098c13	Vsa.Sim.DecodeTable.Batch02Part04
0009a023	Vsa.Sim.DecodeTable.Batch02Part04
0009b503	Dc.Mach.DecodeTable.Part02
0009b703	Dc.Mach.DecodeTable.Part02
0009b783	Dc.Mach.DecodeTable.Part02
0009bc23	Dc.Mach.DecodeTable.Part02
0009c703	Dc.Mach.DecodeTable.Part02
0009c783	Dc.Mach.DecodeTable.Part02
000a0023	Dc.Mach.DecodeTable.Part02
000a0513	Vsa.Sim.DecodeTable.Batch02Part05
000a0593	Vsa.Sim.DecodeTable.Batch02Part05
000a0613	Vsa.Sim.DecodeTable.Batch02Part05
000a0693	Vsa.Sim.DecodeTable.Batch02Part05
000a0793	Vsa.Sim.DecodeTable.Batch02Part05
000a0b93	Vsa.Sim.DecodeTable.Batch02Part06
000a0c1b	Dc.Mach.DecodeTable.Part02
000a0c93	Vsa.Sim.DecodeTable.Batch02Part06
000a2023	Dc.Mach.DecodeTable.Part02
000a3503	Dc.Mach.DecodeTable.Part02
000a3583	Dc.Mach.DecodeTable.Part02
000a3683	Dc.Mach.DecodeTable.Part02
000a3783	Vsa.Sim.DecodeTable.Batch02Part07
000a3a83	Vsa.Sim.DecodeTable.Batch02Part07
000a3c23	Dc.Mach.DecodeTable.Part02
000a3d03	Dc.Mach.DecodeTable.Part02
000a8493	Dc.Mach.DecodeTable.Part02
000a8513	Vsa.Sim.DecodeTable.Batch02Part07
000a8593	Vsa.Sim.DecodeTable.Batch02Part07
000a859b	Dc.Mach.DecodeTable.Part02
000a8613	Dc.Mach.DecodeTable.Part02
000a8663	Dc.Mach.DecodeTable.Part02
000a8693	Vsa.Sim.DecodeTable.Batch02Part07
000a8713	Vsa.Sim.DecodeTable.Batch02Part07
000a8793	Vsa.Sim.DecodeTable.Batch02Part07
000a8c93	Dc.Mach.DecodeTable.Part02
000aa023	Dc.Mach.DecodeTable.Part02
000aa683	Dc.Mach.DecodeTable.Part02
000aa703	Vsa.Sim.DecodeTable.Batch02Part08
000b0493	Vsa.Sim.DecodeTable.Batch02Part08
000b0513	Vsa.Sim.DecodeTable.Batch02Part08
000b0593	Vsa.Sim.DecodeTable.Batch02Part08
000b0613	Vsa.Sim.DecodeTable.Batch02Part08
000b0693	Vsa.Sim.DecodeTable.Batch02Part08
000b079b	Dc.Mach.DecodeTable.Part02
000b0913	Vsa.Sim.DecodeTable.Batch02Part09
000b0a13	Vsa.Sim.DecodeTable.Batch02Part09
000b2023	Vsa.Sim.DecodeTable.Batch02Part10
000b3583	Dc.Mach.DecodeTable.Part02
000b8413	Vsa.Sim.DecodeTable.Batch02Part10
000b8513	Vsa.Sim.DecodeTable.Batch02Part10
000b8593	Vsa.Sim.DecodeTable.Batch02Part10
000b8613	Vsa.Sim.DecodeTable.Batch02Part10
000b8793	Vsa.Sim.DecodeTable.Batch02Part10
000b8813	Vsa.Sim.DecodeTable.Batch02Part11
000ba683	Vsa.Sim.DecodeTable.Batch02Part11
000bb783	Dc.Mach.DecodeTable.Part02
000bc503	Dc.Mach.DecodeTable.Part02
000c0413	Vsa.Sim.DecodeTable.Batch02Part11
000c0513	Vsa.Sim.DecodeTable.Batch02Part11
000c0693	Vsa.Sim.DecodeTable.Batch02Part11
000c2023	Dc.Mach.DecodeTable.Part02
000c2583	Dc.Mach.DecodeTable.Part02
000c3403	Dc.Mach.DecodeTable.Part02
000c3503	Dc.Mach.DecodeTable.Part02
000c3903	Dc.Mach.DecodeTable.Part02
000c3c23	Dc.Mach.DecodeTable.Part02
000c4883	Vsa.Sim.DecodeTable.Batch02Part13
000c8413	Vsa.Sim.DecodeTable.Batch02Part13
000c8513	Vsa.Sim.DecodeTable.Batch02Part13
000c8593	Vsa.Sim.DecodeTable.Batch02Part13
000c8613	Vsa.Sim.DecodeTable.Batch02Part13
000c8a93	Dc.Mach.DecodeTable.Part02
000c8d93	Vsa.Sim.DecodeTable.Batch02Part14
000ca683	Dc.Mach.DecodeTable.Part02
000ca783	Dc.Mach.DecodeTable.Part02
000cb503	Dc.Mach.DecodeTable.Part02
000cb583	Dc.Mach.DecodeTable.Part02
000cb703	Dc.Mach.DecodeTable.Part02
000cb783	Dc.Mach.DecodeTable.Part02
000cb983	Dc.Mach.DecodeTable.Part02
000cba03	Dc.Mach.DecodeTable.Part02
000ce583	Dc.Mach.DecodeTable.Part02
000d0513	Vsa.Sim.DecodeTable.Batch02Part15
000d0593	Vsa.Sim.DecodeTable.Batch02Part15
000d0613	Vsa.Sim.DecodeTable.Batch02Part15
000d0693	Vsa.Sim.DecodeTable.Batch02Part15
000d2783	Dc.Mach.DecodeTable.Part02
000d8513	Vsa.Sim.DecodeTable.Batch02Part16
000d8593	Vsa.Sim.DecodeTable.Batch02Part16
000d8613	Vsa.Sim.DecodeTable.Batch02Part16
000d8693	Vsa.Sim.DecodeTable.Batch02Part16
000d8793	Vsa.Sim.DecodeTable.Batch02Part16
000d8893	Vsa.Sim.DecodeTable.Batch02Part16
000da023	Dc.Mach.DecodeTable.Part02
000db583	Dc.Mach.DecodeTable.Part02
000dba03	Dc.Mach.DecodeTable.Part02
000dbc23	Dc.Mach.DecodeTable.Part02
000dc583	Dc.Mach.DecodeTable.Part02
00100073	Dc.Mach.DecodeTable.Part02
00100513	Vsa.Sim.DecodeTable.Batch02Part20
00100593	Vsa.Sim.DecodeTable.Batch02Part20
00100613	Vsa.Sim.DecodeTable.Batch02Part20
00100693	Vsa.Sim.DecodeTable.Batch02Part20
00100713	Vsa.Sim.DecodeTable.Batch02Part20
00100793	Vsa.Sim.DecodeTable.Batch02Part20
00100813	Vsa.Sim.DecodeTable.Batch02Part20
00100893	Vsa.Sim.DecodeTable.Batch02Part20
00100913	Dc.Mach.DecodeTable.Part02
00100993	Dc.Mach.DecodeTable.Part02
00100a93	Vsa.Sim.DecodeTable.Batch02Part21
00100c13	Dc.Mach.DecodeTable.Part02
00100d13	Dc.Mach.DecodeTable.Part02
00113423	Vsa.Sim.DecodeTable.Batch02Part21
00113c23	Vsa.Sim.DecodeTable.Batch02Part21
00140413	Vsa.Sim.DecodeTable.Batch02Part22
00140513	Dc.Mach.DecodeTable.Part02
00140793	Dc.Mach.DecodeTable.Part02
00140b93	Dc.Mach.DecodeTable.Part02
00141693	Dc.Mach.DecodeTable.Part02
00144683	Dc.Mach.DecodeTable.Part02
00144703	Dc.Mach.DecodeTable.Part02
00144783	Dc.Mach.DecodeTable.Part02
00145413	Dc.Mach.DecodeTable.Part02
00147713	Dc.Mach.DecodeTable.Part02
00147793	Vsa.Sim.DecodeTable.Batch02Part22
0014849b	Vsa.Sim.DecodeTable.Batch02Part22
00148513	Dc.Mach.DecodeTable.Part02
00148a9b	Dc.Mach.DecodeTable.Part02
0014949b	Dc.Mach.DecodeTable.Part02
00150413	Vsa.Sim.DecodeTable.Batch02Part22
00150513	Vsa.Sim.DecodeTable.Batch02Part22
0015051b	Vsa.Sim.DecodeTable.Batch02Part22
00150593	Dc.Mach.DecodeTable.Part02
00150713	Dc.Mach.DecodeTable.Part02
00150793	Dc.Mach.DecodeTable.Part02
0015151b	Dc.Mach.DecodeTable.Part02
00152513	Dc.Mach.DecodeTable.Part02
00153513	Vsa.Sim.DecodeTable.Batch02Part23
00158593	Vsa.Sim.DecodeTable.Batch02Part23
0015861b	Dc.Mach.DecodeTable.Part02
00158713	Dc.Mach.DecodeTable.Part02
00158793	Dc.Mach.DecodeTable.Part02
0015d593	Vsa.Sim.DecodeTable.Batch02Part23
0015f693	Vsa.Sim.DecodeTable.Batch02Part24
00160613	Vsa.Sim.DecodeTable.Batch02Part24
0016061b	Dc.Mach.DecodeTable.Part02
00160713	Dc.Mach.DecodeTable.Part03
00160793	Dc.Mach.DecodeTable.Part03
00161613	Vsa.Sim.DecodeTable.Batch02Part24
00164613	Dc.Mach.DecodeTable.Part03
00165613	Vsa.Sim.DecodeTable.Batch02Part24
00167613	Dc.Mach.DecodeTable.Part03
00168613	Vsa.Sim.DecodeTable.Batch02Part24
00168693	Vsa.Sim.DecodeTable.Batch02Part24
0016869b	Vsa.Sim.DecodeTable.Batch02Part25
00168793	Vsa.Sim.DecodeTable.Batch02Part25
00169693	Vsa.Sim.DecodeTable.Batch02Part25
0016969b	Dc.Mach.DecodeTable.Part03
0016b513	Dc.Mach.DecodeTable.Part03
0016b693	Dc.Mach.DecodeTable.Part03
0016d693	Vsa.Sim.DecodeTable.Batch02Part25
00170593	Vsa.Sim.DecodeTable.Batch02Part26
0017069b	Dc.Mach.DecodeTable.Part03
00170713	Vsa.Sim.DecodeTable.Batch02Part26
0017071b	Vsa.Sim.DecodeTable.Batch02Part26
00177713	Vsa.Sim.DecodeTable.Batch02Part26
0017861b	Dc.Mach.DecodeTable.Part03
00178713	Vsa.Sim.DecodeTable.Batch02Part27
00178793	Vsa.Sim.DecodeTable.Batch02Part27
0017879b	Vsa.Sim.DecodeTable.Batch02Part27
00179793	Dc.Mach.DecodeTable.Part03
0017979b	Vsa.Sim.DecodeTable.Batch02Part27
0017b513	Dc.Mach.DecodeTable.Part03
0017b793	Vsa.Sim.DecodeTable.Batch02Part27
0017c583	Dc.Mach.DecodeTable.Part03
0017c683	Dc.Mach.DecodeTable.Part03
0017c703	Vsa.Sim.DecodeTable.Batch02Part27
0017e793	Vsa.Sim.DecodeTable.Batch02Part28
00180813	Vsa.Sim.DecodeTable.Batch02Part28
00184783	Dc.Mach.DecodeTable.Part03
00188593	Dc.Mach.DecodeTable.Part03
0018871b	Dc.Mach.DecodeTable.Part03
00190513	Dc.Mach.DecodeTable.Part03
0019061b	Dc.Mach.DecodeTable.Part03
00190913	Dc.Mach.DecodeTable.Part03
0019091b	Vsa.Sim.DecodeTable.Batch02Part28
00198993	Dc.Mach.DecodeTable.Part03
0019899b	Vsa.Sim.DecodeTable.Batch02Part29
00198b13	Vsa.Sim.DecodeTable.Batch02Part29
001a081b	Vsa.Sim.DecodeTable.Batch02Part29
001a861b	Dc.Mach.DecodeTable.Part03
001b041b	Dc.Mach.DecodeTable.Part03
001b051b	Dc.Mach.DecodeTable.Part03
001c0b1b	Dc.Mach.DecodeTable.Part03
001c0c13	Vsa.Sim.DecodeTable.Batch02Part31
001c0c1b	Dc.Mach.DecodeTable.Part03
001c4403	Dc.Mach.DecodeTable.Part03
001c4783	Dc.Mach.DecodeTable.Part03
001c859b	Dc.Mach.DecodeTable.Part03
001d891b	Dc.Mach.DecodeTable.Part03
001d8d93	Vsa.Sim.DecodeTable.Batch02Part32
001d979b	Dc.Mach.DecodeTable.Part03
00200413	Dc.Mach.DecodeTable.Part03
00200513	Vsa.Sim.DecodeTable.Batch03Part01
00200613	Vsa.Sim.DecodeTable.Batch03Part01
00200713	Vsa.Sim.DecodeTable.Batch03Part01
00200793	Vsa.Sim.DecodeTable.Batch03Part01
00200993	Dc.Mach.DecodeTable.Part03
00240413	Dc.Mach.DecodeTable.Part03
00244783	Dc.Mach.DecodeTable.Part03
0024869b	Dc.Mach.DecodeTable.Part03
00251513	Dc.Mach.DecodeTable.Part03
0025979b	Dc.Mach.DecodeTable.Part03
0026061b	Dc.Mach.DecodeTable.Part03
0026169b	Dc.Mach.DecodeTable.Part03
00271793	Dc.Mach.DecodeTable.Part03
00278793	Dc.Mach.DecodeTable.Part03
0027879b	Dc.Mach.DecodeTable.Part03
00279793	Vsa.Sim.DecodeTable.Batch03Part03
0027a713	Dc.Mach.DecodeTable.Part03
002a179b	Dc.Mach.DecodeTable.Part03
002c851b	Dc.Mach.DecodeTable.Part03
00300513	Vsa.Sim.DecodeTable.Batch03Part05
00300d93	Vsa.Sim.DecodeTable.Batch03Part05
00351513	Vsa.Sim.DecodeTable.Batch03Part05
00352513	Vsa.Sim.DecodeTable.Batch03Part06
0037071b	Vsa.Sim.DecodeTable.Batch03Part06
00371693	Vsa.Sim.DecodeTable.Batch03Part06
0037879b	Dc.Mach.DecodeTable.Part03
00379613	Dc.Mach.DecodeTable.Part03
00379693	Dc.Mach.DecodeTable.Part03
00379793	Vsa.Sim.DecodeTable.Batch03Part07
00400513	Dc.Mach.DecodeTable.Part03
00400793	Vsa.Sim.DecodeTable.Batch03Part08
00442503	Dc.Mach.DecodeTable.Part03
00442603	Dc.Mach.DecodeTable.Part03
00442683	Dc.Mach.DecodeTable.Part03
00442703	Dc.Mach.DecodeTable.Part03
00442783	Dc.Mach.DecodeTable.Part03
00442c83	Dc.Mach.DecodeTable.Part03
0044a303	Dc.Mach.DecodeTable.Part03
0044a703	Dc.Mach.DecodeTable.Part03
0044a783	Dc.Mach.DecodeTable.Part03
0044aa03	Dc.Mach.DecodeTable.Part03
00452583	Dc.Mach.DecodeTable.Part03
00452683	Dc.Mach.DecodeTable.Part03
00452703	Dc.Mach.DecodeTable.Part03
00452783	Vsa.Sim.DecodeTable.Batch03Part09
00452983	Dc.Mach.DecodeTable.Part03
0045a583	Dc.Mach.DecodeTable.Part03
0045a703	Dc.Mach.DecodeTable.Part03
0045a783	Dc.Mach.DecodeTable.Part03
0045a903	Dc.Mach.DecodeTable.Part03
00462583	Vsa.Sim.DecodeTable.Batch03Part09
0046a583	Dc.Mach.DecodeTable.Part03
00472683	Dc.Mach.DecodeTable.Part03
0047a583	Dc.Mach.DecodeTable.Part03
00492603	Dc.Mach.DecodeTable.Part03
00492703	Dc.Mach.DecodeTable.Part03
00492b03	Dc.Mach.DecodeTable.Part03
00492e03	Dc.Mach.DecodeTable.Part03
0049a583	Dc.Mach.DecodeTable.Part03
0049a703	Dc.Mach.DecodeTable.Part03
004a2683	Dc.Mach.DecodeTable.Part03
004a2703	Dc.Mach.DecodeTable.Part03
004a2783	Vsa.Sim.DecodeTable.Batch03Part11
004aa603	Dc.Mach.DecodeTable.Part03
004aa683	Dc.Mach.DecodeTable.Part03
004aa703	Dc.Mach.DecodeTable.Part03
004aa783	Dc.Mach.DecodeTable.Part03
004aaa03	Dc.Mach.DecodeTable.Part03
004b2603	Dc.Mach.DecodeTable.Part03
004ba703	Dc.Mach.DecodeTable.Part03
004ba883	Dc.Mach.DecodeTable.Part03
004c2583	Dc.Mach.DecodeTable.Part03
004c2703	Dc.Mach.DecodeTable.Part03
004d2703	Dc.Mach.DecodeTable.Part03
004da683	Dc.Mach.DecodeTable.Part03
004da703	Dc.Mach.DecodeTable.Part03
004da783	Dc.Mach.DecodeTable.Part03
00500513	Dc.Mach.DecodeTable.Part03
00500693	Dc.Mach.DecodeTable.Part03
00500713	Vsa.Sim.DecodeTable.Batch03Part11
00500b93	Dc.Mach.DecodeTable.Part03
0057b793	Dc.Mach.DecodeTable.Part03
00600513	Vsa.Sim.DecodeTable.Batch03Part12
00613423	Vsa.Sim.DecodeTable.Batch03Part13
0062f863	Dc.Mach.DecodeTable.Part03
00658333	Dc.Mach.DecodeTable.Part03
00660333	Dc.Mach.DecodeTable.Part03
006686b3	Vsa.Sim.DecodeTable.Batch03Part13
006686bb	Dc.Mach.DecodeTable.Part03
006707bb	Dc.Mach.DecodeTable.Part04
006787b3	Vsa.Sim.DecodeTable.Batch03Part14
006787bb	Dc.Mach.DecodeTable.Part04
00678e3b	Dc.Mach.DecodeTable.Part04
00680333	Dc.Mach.DecodeTable.Part04
00680833	Dc.Mach.DecodeTable.Part04
006880a3	Dc.Mach.DecodeTable.Part04
00700513	Vsa.Sim.DecodeTable.Batch03Part14
0080006f	Vsa.Sim.DecodeTable.Batch03Part16
00800513	Dc.Mach.DecodeTable.Part04
00800613	Vsa.Sim.DecodeTable.Batch03Part17
00810413	Dc.Mach.DecodeTable.Part04
00810493	Dc.Mach.DecodeTable.Part04
00810513	Vsa.Sim.DecodeTable.Batch03Part17
00810613	Dc.Mach.DecodeTable.Part04
00813023	Vsa.Sim.DecodeTable.Batch03Part17
00813083	Vsa.Sim.DecodeTable.Batch03Part17
00813403	Vsa.Sim.DecodeTable.Batch03Part17
00813483	Vsa.Sim.DecodeTable.Batch18
00813503	Vsa.Sim.DecodeTable.Batch03Part17
00813583	Vsa.Sim.DecodeTable.Batch03Part18
00813603	Vsa.Sim.DecodeTable.Batch03Part18
00813683	Vsa.Sim.DecodeTable.Batch03Part18
00813703	Vsa.Sim.DecodeTable.Batch03Part18
00813783	Vsa.Sim.DecodeTable.Batch03Part18
00813803	Vsa.Sim.DecodeTable.Batch03Part18
00813823	Vsa.Sim.DecodeTable.Batch03Part18
00813883	Vsa.Sim.DecodeTable.Batch03Part18
00813903	Dc.Mach.DecodeTable.Part04
00813983	Vsa.Sim.DecodeTable.Batch03Part18
00813a03	Vsa.Sim.DecodeTable.Batch03Part18
00813a83	Vsa.Sim.DecodeTable.Batch03Part18
00813c03	Vsa.Sim.DecodeTable.Batch03Part18
00813c23	Vsa.Sim.DecodeTable.Batch03Part18
00813c83	Vsa.Sim.DecodeTable.Batch03Part18
00816603	Dc.Mach.DecodeTable.Part04
00828293	Dc.Mach.DecodeTable.Part04
00840513	Dc.Mach.DecodeTable.Part04
00842503	Dc.Mach.DecodeTable.Part04
00842603	Vsa.Sim.DecodeTable.Batch03Part19
00842703	Vsa.Sim.DecodeTable.Batch03Part19
00842783	Dc.Mach.DecodeTable.Part04
00843403	Dc.Mach.DecodeTable.Part04
00843583	Vsa.Sim.DecodeTable.Batch03Part19
00843683	Vsa.Sim.DecodeTable.Batch03Part19
00843783	Vsa.Sim.DecodeTable.Batch03Part19
0084a703	Dc.Mach.DecodeTable.Part04
0084a783	Vsa.Sim.DecodeTable.Batch03Part19
0084a983	Dc.Mach.DecodeTable.Part04
0084b023	Dc.Mach.DecodeTable.Part04
0084b423	Dc.Mach.DecodeTable.Part04
0084b603	Vsa.Sim.DecodeTable.Batch03Part20
0084b703	Dc.Mach.DecodeTable.Part04
0084b783	Dc.Mach.DecodeTable.Part04
00850433	Dc.Mach.DecodeTable.Part04
0085043b	Vsa.Sim.DecodeTable.Batch03Part20
00850513	Vsa.Sim.DecodeTable.Batch03Part20
00850613	Dc.Mach.DecodeTable.Part04
00852303	Dc.Mach.DecodeTable.Part04
00852703	Dc.Mach.DecodeTable.Part04
00852783	Vsa.Sim.DecodeTable.Batch03Part20
00852883	Dc.Mach.DecodeTable.Part04
00853503	Vsa.Sim.DecodeTable.Batch03Part20
00853c23	Vsa.Sim.DecodeTable.Batch03Part21
0085a303	Dc.Mach.DecodeTable.Part04
0085a783	Vsa.Sim.DecodeTable.Batch03Part21
00862783	Dc.Mach.DecodeTable.Part04
00872783	Dc.Mach.DecodeTable.Part04
00872d83	Dc.Mach.DecodeTable.Part04
00873583	Dc.Mach.DecodeTable.Part04
00878793	Vsa.Sim.DecodeTable.Batch03Part24
008787b3	Dc.Mach.DecodeTable.Part04
0087a783	Dc.Mach.DecodeTable.Part04
0087b503	Vsa.Sim.DecodeTable.Batch03Part24
0087b783	Dc.Mach.DecodeTable.Part04
00880833	Dc.Mach.DecodeTable.Part04
00892483	Dc.Mach.DecodeTable.Part04
00892583	Dc.Mach.DecodeTable.Part04
00892683	Dc.Mach.DecodeTable.Part04
00892703	Vsa.Sim.DecodeTable.Batch03Part25
00892783	Vsa.Sim.DecodeTable.Batch03Part25
00893023	Dc.Mach.DecodeTable.Part04
00895a63	Dc.Mach.DecodeTable.Part04
0089a023	Dc.Mach.DecodeTable.Part04
0089a223	Dc.Mach.DecodeTable.Part04
0089a783	Dc.Mach.DecodeTable.Part04
008a043b	Dc.Mach.DecodeTable.Part04
008a2223	Dc.Mach.DecodeTable.Part04
008a2783	Dc.Mach.DecodeTable.Part04
008a3683	Dc.Mach.DecodeTable.Part04
008a3a03	Dc.Mach.DecodeTable.Part04
008aa583	Dc.Mach.DecodeTable.Part04
008aa783	Dc.Mach.DecodeTable.Part04
008b0513	Dc.Mach.DecodeTable.Part04
008b07b3	Dc.Mach.DecodeTable.Part04
008b2703	Dc.Mach.DecodeTable.Part04
008b2783	Dc.Mach.DecodeTable.Part04
008b3503	Dc.Mach.DecodeTable.Part04
008ba783	Dc.Mach.DecodeTable.Part04
008ba883	Dc.Mach.DecodeTable.Part04
008c2783	Dc.Mach.DecodeTable.Part04
008c8593	Dc.Mach.DecodeTable.Part04
008c8c93	Dc.Mach.DecodeTable.Part04
008cba03	Dc.Mach.DecodeTable.Part04
008d2703	Dc.Mach.DecodeTable.Part04
008dad03	Dc.Mach.DecodeTable.Part04
00900313	Dc.Mach.DecodeTable.Part04
00900513	Vsa.Sim.DecodeTable.Batch03Part27
00900613	Dc.Mach.DecodeTable.Part04
00900813	Dc.Mach.DecodeTable.Part04
00900893	Vsa.Sim.DecodeTable.Batch03Part27
00900a93	Dc.Mach.DecodeTable.Part04
00900b93	Dc.Mach.DecodeTable.Part04
00900e13	Dc.Mach.DecodeTable.Part04
00903533	Dc.Mach.DecodeTable.Part04
00910913	Dc.Mach.DecodeTable.Part04
00913423	Vsa.Sim.DecodeTable.Batch18
00913c23	Vsa.Sim.DecodeTable.Batch03Part28
00940023	Dc.Mach.DecodeTable.Part04
00942423	Dc.Mach.DecodeTable.Part04
00943423	Dc.Mach.DecodeTable.Part04
00952023	Dc.Mach.DecodeTable.Part04
0097071b	Dc.Mach.DecodeTable.Part04
009787b3	Vsa.Sim.DecodeTable.Batch03Part29
009c84b3	Dc.Mach.DecodeTable.Part04
00a00513	Vsa.Sim.DecodeTable.Batch03Part29
00a00593	Vsa.Sim.DecodeTable.Batch03Part29
00a00613	Vsa.Sim.DecodeTable.Batch03Part29
00a00793	Vsa.Sim.DecodeTable.Batch03Part30
00a00a13	Dc.Mach.DecodeTable.Part04
00a00b93	Dc.Mach.DecodeTable.Part04
00a03533	Vsa.Sim.DecodeTable.Batch03Part30
00a05c63	Dc.Mach.DecodeTable.Part04
00a10023	Dc.Mach.DecodeTable.Part04
00a12623	Dc.Mach.DecodeTable.Part04
00a13023	Vsa.Sim.DecodeTable.Batch03Part30
00a13423	Vsa.Sim.DecodeTable.Batch03Part30
00a13823	Vsa.Sim.DecodeTable.Batch03Part30
00a13c23	Vsa.Sim.DecodeTable.Batch03Part30
00a404b3	Dc.Mach.DecodeTable.Part04
00a40533	Dc.Mach.DecodeTable.Part04
00a40933	Dc.Mach.DecodeTable.Part04
00a43023	Vsa.Sim.DecodeTable.Batch03Part30
00a43c23	Dc.Mach.DecodeTable.Part04
00a48533	Dc.Mach.DecodeTable.Part04
00a4b023	Vsa.Sim.DecodeTable.Batch03Part30
00a580a3	Dc.Mach.DecodeTable.Part04
00a5b023	Dc.Mach.DecodeTable.Part04
00a6b023	Dc.Mach.DecodeTable.Part04
00a7031b	Dc.Mach.DecodeTable.Part04
00a70463	Dc.Mach.DecodeTable.Part04
00a7053b	Dc.Mach.DecodeTable.Part04
00a73c23	Vsa.Sim.DecodeTable.Batch03Part32
00a78023	Dc.Mach.DecodeTable.Part04
00a7851b	Dc.Mach.DecodeTable.Part04
00a7853b	Dc.Mach.DecodeTable.Part04
00a7879b	Dc.Mach.DecodeTable.Part04
00a787b3	Vsa.Sim.DecodeTable.Batch03Part32
00a787bb	Dc.Mach.DecodeTable.Part04
00a79463	Dc.Mach.DecodeTable.Part05
00a7b023	Vsa.Sim.DecodeTable.Batch03Part32
00a7e7b3	Vsa.Sim.DecodeTable.Batch04Part01
00a83023	Dc.Mach.DecodeTable.Part05
00a900a3	Dc.Mach.DecodeTable.Part05
00a98023	Dc.Mach.DecodeTable.Part05
00aa3023	Dc.Mach.DecodeTable.Part05
00ab0533	Dc.Mach.DecodeTable.Part05
00ab3423	Dc.Mach.DecodeTable.Part05
00abec63	Dc.Mach.DecodeTable.Part05
00ac3023	Dc.Mach.DecodeTable.Part05
00acb023	Dc.Mach.DecodeTable.Part05
00b04663	Dc.Mach.DecodeTable.Part05
00b04863	Vsa.Sim.DecodeTable.Batch04Part02
00b13023	Vsa.Sim.DecodeTable.Batch04Part02
00b13423	Vsa.Sim.DecodeTable.Batch04Part02
00b13823	Vsa.Sim.DecodeTable.Batch04Part03
00b13c23	Vsa.Sim.DecodeTable.Batch04Part03
00b35663	Dc.Mach.DecodeTable.Part05
00b42423	Dc.Mach.DecodeTable.Part05
00b504b3	Dc.Mach.DecodeTable.Part05
00b53423	Vsa.Sim.DecodeTable.Batch04Part03
00b53823	Dc.Mach.DecodeTable.Part05
00b60633	Vsa.Sim.DecodeTable.Batch04Part03
00b6063b	Dc.Mach.DecodeTable.Part05
00b67a63	Vsa.Sim.DecodeTable.Batch04Part04
00b685b3	Dc.Mach.DecodeTable.Part05
00b68b33	Dc.Mach.DecodeTable.Part05
00b6b423	Dc.Mach.DecodeTable.Part05
00b700a3	Vsa.Sim.DecodeTable.Batch04Part04
00b70a63	Dc.Mach.DecodeTable.Part05
00b73c23	Vsa.Sim.DecodeTable.Batch04Part06
00b76463	Dc.Mach.DecodeTable.Part05
00b7863b	Dc.Mach.DecodeTable.Part05
00b787b3	Vsa.Sim.DecodeTable.Batch04Part06
00b787bb	Vsa.Sim.DecodeTable.Batch04Part06
00b78a63	Dc.Mach.DecodeTable.Part05
00b79863	Dc.Mach.DecodeTable.Part05
00ba3023	Dc.Mach.DecodeTable.Part05
00bb063b	Dc.Mach.DecodeTable.Part05
00c0006f	Vsa.Sim.DecodeTable.Batch04Part07
00c03633	Vsa.Sim.DecodeTable.Batch04Part08
00c04663	Dc.Mach.DecodeTable.Part05
00c05463	Dc.Mach.DecodeTable.Part05
00c05863	Vsa.Sim.DecodeTable.Batch04Part08
00c10613	Dc.Mach.DecodeTable.Part05
00c12023	Dc.Mach.DecodeTable.Part05
00c12483	Dc.Mach.DecodeTable.Part05
00c12503	Dc.Mach.DecodeTable.Part05
00c12583	Dc.Mach.DecodeTable.Part05
00c12783	Dc.Mach.DecodeTable.Part05
00c12d03	Dc.Mach.DecodeTable.Part05
00c13023	Vsa.Sim.DecodeTable.Batch04Part08
00c13423	Vsa.Sim.DecodeTable.Batch04Part08
00c13823	Vsa.Sim.DecodeTable.Batch04Part08
00c13c23	Vsa.Sim.DecodeTable.Batch04Part08
00c40633	Dc.Mach.DecodeTable.Part05
00c42023	Dc.Mach.DecodeTable.Part05
00c42783	Vsa.Sim.DecodeTable.Batch04Part09
00c45463	Dc.Mach.DecodeTable.Part05
00c4a783	Dc.Mach.DecodeTable.Part05
00c50533	Vsa.Sim.DecodeTable.Batch04Part09
00c50633	Vsa.Sim.DecodeTable.Batch04Part09
00c50733	Dc.Mach.DecodeTable.Part05
00c50863	Vsa.Sim.DecodeTable.Batch04Part09
00c52783	Dc.Mach.DecodeTable.Part05
00c53023	Dc.Mach.DecodeTable.Part05
00c53c23	Dc.Mach.DecodeTable.Part05
00c585b3	Vsa.Sim.DecodeTable.Batch04Part09
00c585bb	Dc.Mach.DecodeTable.Part05
00c5e663	Vsa.Sim.DecodeTable.Batch04Part10
00c62783	Vsa.Sim.DecodeTable.Batch04Part10
00c680a3	Dc.Mach.DecodeTable.Part05
00c68633	Dc.Mach.DecodeTable.Part05
00c686bb	Dc.Mach.DecodeTable.Part05
00c6d463	Dc.Mach.DecodeTable.Part05
00c70023	Dc.Mach.DecodeTable.Part05
00c700a3	Dc.Mach.DecodeTable.Part05
00c7063b	Dc.Mach.DecodeTable.Part05
00c706b3	Dc.Mach.DecodeTable.Part05
00c70733	Vsa.Sim.DecodeTable.Batch04Part11
00c72683	Dc.Mach.DecodeTable.Part05
00c787b3	Vsa.Sim.DecodeTable.Batch04Part12
00c787bb	Vsa.Sim.DecodeTable.Batch04Part12
00c78863	Dc.Mach.DecodeTable.Part05
00c7a703	Dc.Mach.DecodeTable.Part05
00c7b023	Vsa.Sim.DecodeTable.Batch04Part12
00c7e7b3	Vsa.Sim.DecodeTable.Batch04Part13
00c7fc63	Dc.Mach.DecodeTable.Part05
00c80833	Dc.Mach.DecodeTable.Part05
00c82783	Dc.Mach.DecodeTable.Part05
00c8a783	Dc.Mach.DecodeTable.Part05
00c92783	Dc.Mach.DecodeTable.Part05
00c9a783	Dc.Mach.DecodeTable.Part05
00ca2623	Dc.Mach.DecodeTable.Part05
00ca2783	Vsa.Sim.DecodeTable.Batch04Part13
00caa783	Dc.Mach.DecodeTable.Part05
00cad463	Dc.Mach.DecodeTable.Part05
00cb2783	Dc.Mach.DecodeTable.Part05
00cba783	Dc.Mach.DecodeTable.Part05
00cc2783	Dc.Mach.DecodeTable.Part05
00cca783	Dc.Mach.DecodeTable.Part05
00cd063b	Dc.Mach.DecodeTable.Part05
00cd2703	Dc.Mach.DecodeTable.Part05
00cd2783	Dc.Mach.DecodeTable.Part05
00cda703	Dc.Mach.DecodeTable.Part05
00cda783	Dc.Mach.DecodeTable.Part05
00ce2783	Dc.Mach.DecodeTable.Part05
00d036b3	Vsa.Sim.DecodeTable.Batch04Part14
00d04663	Dc.Mach.DecodeTable.Part05
00d13023	Vsa.Sim.DecodeTable.Batch04Part14
00d13423	Vsa.Sim.DecodeTable.Batch04Part14
00d13c23	Vsa.Sim.DecodeTable.Batch04Part14
00d4bc23	Dc.Mach.DecodeTable.Part05
00d53023	Dc.Mach.DecodeTable.Part05
00d53423	Vsa.Sim.DecodeTable.Batch04Part15
00d56533	Vsa.Sim.DecodeTable.Batch04Part15
00d58b3b	Dc.Mach.DecodeTable.Part05
00d5bc23	Vsa.Sim.DecodeTable.Batch04Part15
00d606b3	Vsa.Sim.DecodeTable.Batch04Part16
00d61c63	Dc.Mach.DecodeTable.Part05
00d63c23	Dc.Mach.DecodeTable.Part05
00d70023	Vsa.Sim.DecodeTable.Batch04Part17
00d700a3	Dc.Mach.DecodeTable.Part05
00d70733	Vsa.Sim.DecodeTable.Batch04Part17
00d7073b	Vsa.Sim.DecodeTable.Batch04Part17
00d71863	Dc.Mach.DecodeTable.Part05
00d72623	Dc.Mach.DecodeTable.Part05
00d73823	Vsa.Sim.DecodeTable.Batch04Part17
00d74863	Dc.Mach.DecodeTable.Part05
00d76733	Vsa.Sim.DecodeTable.Batch04Part17
00d76c63	Dc.Mach.DecodeTable.Part05
00d78023	Vsa.Sim.DecodeTable.Batch04Part18
00d787b3	Vsa.Sim.DecodeTable.Batch04Part18
00d787bb	Vsa.Sim.DecodeTable.Batch04Part18
00d79663	Dc.Mach.DecodeTable.Part05
00d7b423	Vsa.Sim.DecodeTable.Batch04Part18
00d7c463	Dc.Mach.DecodeTable.Part05
00d7d463	Dc.Mach.DecodeTable.Part05
00d7e7b3	Vsa.Sim.DecodeTable.Batch04Part19
00d83023	Dc.Mach.DecodeTable.Part05
00d83423	Dc.Mach.DecodeTable.Part05
00d8883b	Dc.Mach.DecodeTable.Part05
00d906b3	Dc.Mach.DecodeTable.Part05
00daa023	Dc.Mach.DecodeTable.Part05
00daa223	Dc.Mach.DecodeTable.Part05
00db8bbb	Dc.Mach.DecodeTable.Part05
00dc06b3	Dc.Mach.DecodeTable.Part05
00dd8db3	Dc.Mach.DecodeTable.Part05
00de0633	Dc.Mach.DecodeTable.Part05
00e00793	Vsa.Sim.DecodeTable.Batch04Part20
00e03633	Dc.Mach.DecodeTable.Part05
00e03733	Vsa.Sim.DecodeTable.Batch04Part20
00e12023	Dc.Mach.DecodeTable.Part05
00e13023	Vsa.Sim.DecodeTable.Batch04Part21
00e13423	Vsa.Sim.DecodeTable.Batch04Part21
00e13c23	Vsa.Sim.DecodeTable.Batch04Part21
00e307b3	Dc.Mach.DecodeTable.Part06
00e40733	Dc.Mach.DecodeTable.Part06
00e42223	Dc.Mach.DecodeTable.Part06
00e42623	Vsa.Sim.DecodeTable.Batch04Part21
00e43423	Dc.Mach.DecodeTable.Part06
00e4bc23	Dc.Mach.DecodeTable.Part06
00e50533	Vsa.Sim.DecodeTable.Batch04Part21
00e52223	Dc.Mach.DecodeTable.Part06
00e53023	Dc.Mach.DecodeTable.Part06
00e53423	Dc.Mach.DecodeTable.Part06
00e53c23	Vsa.Sim.DecodeTable.Batch04Part22
00e547b3	Dc.Mach.DecodeTable.Part06
00e585b3	Vsa.Sim.DecodeTable.Batch04Part22
00e585bb	Dc.Mach.DecodeTable.Part06
00e5d463	Dc.Mach.DecodeTable.Part06
00e61e63	Dc.Mach.DecodeTable.Part06
00e65e63	Dc.Mach.DecodeTable.Part06
00e68023	Dc.Mach.DecodeTable.Part06
00e68733	Dc.Mach.DecodeTable.Part06
00e6b023	Vsa.Sim.DecodeTable.Batch04Part23
00e6e6b3	Vsa.Sim.DecodeTable.Batch04Part24
00e6fe63	Dc.Mach.DecodeTable.Part06
00e78023	Dc.Mach.DecodeTable.Part06
00e780a3	Dc.Mach.DecodeTable.Part06
00e78463	Vsa.Sim.DecodeTable.Batch04Part24
00e7863b	Dc.Mach.DecodeTable.Part06
00e786b3	Dc.Mach.DecodeTable.Part06
00e78733	Vsa.Sim.DecodeTable.Batch04Part24
00e787b3	Vsa.Sim.DecodeTable.Batch04Part24
00e787bb	Vsa.Sim.DecodeTable.Batch04Part24
00e79863	Dc.Mach.DecodeTable.Part06
00e7a623	Dc.Mach.DecodeTable.Part06
00e7b823	Vsa.Sim.DecodeTable.Batch04Part25
00e7bc23	Dc.Mach.DecodeTable.Part06
00e7c463	Dc.Mach.DecodeTable.Part06
00e7c863	Dc.Mach.DecodeTable.Part06
00e7d463	Vsa.Sim.DecodeTable.Batch04Part25
00e7ee63	Vsa.Sim.DecodeTable.Batch04Part26
00e9a223	Dc.Mach.DecodeTable.Part06
00e9b423	Dc.Mach.DecodeTable.Part06
00ea2223	Dc.Mach.DecodeTable.Part06
00ea3c23	Dc.Mach.DecodeTable.Part06
00ec2223	Dc.Mach.DecodeTable.Part06
00ec3423	Dc.Mach.DecodeTable.Part06
00ecb023	Dc.Mach.DecodeTable.Part06
00ed2623	Dc.Mach.DecodeTable.Part06
00eda223	Dc.Mach.DecodeTable.Part06
00eda623	Dc.Mach.DecodeTable.Part06
00edb423	Dc.Mach.DecodeTable.Part06
00edd463	Dc.Mach.DecodeTable.Part06
00f037b3	Vsa.Sim.DecodeTable.Batch04Part29
00f05463	Dc.Mach.DecodeTable.Part06
00f12623	Vsa.Sim.DecodeTable.Batch04Part29
00f12823	Vsa.Sim.DecodeTable.Batch04Part29
00f12e23	Dc.Mach.DecodeTable.Part06
00f13023	Vsa.Sim.DecodeTable.Batch04Part29
00f13423	Vsa.Sim.DecodeTable.Batch04Part29
00f13823	Vsa.Sim.DecodeTable.Batch04Part29
00f13c23	Vsa.Sim.DecodeTable.Batch04Part30
00f30023	Dc.Mach.DecodeTable.Part06
00f40023	Dc.Mach.DecodeTable.Part06
00f40433	Dc.Mach.DecodeTable.Part06
00f4043b	Dc.Mach.DecodeTable.Part06
00f42023	Vsa.Sim.DecodeTable.Batch04Part30
00f42223	Dc.Mach.DecodeTable.Part06
00f42623	Vsa.Sim.DecodeTable.Batch04Part30
00f42823	Vsa.Sim.DecodeTable.Batch04Part30
00f43823	Dc.Mach.DecodeTable.Part06
00f484b3	Vsa.Sim.DecodeTable.Batch04Part30
00f487b3	Dc.Mach.DecodeTable.Part06
00f4a623	Dc.Mach.DecodeTable.Part06
00f4a823	Dc.Mach.DecodeTable.Part06
00f4b023	Dc.Mach.DecodeTable.Part06
00f4b823	Vsa.Sim.DecodeTable.Batch04Part30
00f4bc23	Dc.Mach.DecodeTable.Part06
00f50023	Dc.Mach.DecodeTable.Part06
00f50533	Dc.Mach.DecodeTable.Part06
00f50693	Dc.Mach.DecodeTable.Part06
00f506b3	Dc.Mach.DecodeTable.Part06
00f50733	Dc.Mach.DecodeTable.Part06
00f507b3	Vsa.Sim.DecodeTable.Batch04Part31
00f50863	Dc.Mach.DecodeTable.Part06
00f50933	Dc.Mach.DecodeTable.Part06
00f50a63	Vsa.Sim.DecodeTable.Batch04Part31
00f50c63	Dc.Mach.DecodeTable.Part06
00f52023	Vsa.Sim.DecodeTable.Batch04Part31
00f52623	Vsa.Sim.DecodeTable.Batch04Part31
00f52823	Dc.Mach.DecodeTable.Part06
00f53023	Dc.Mach.DecodeTable.Part06
00f53423	Vsa.Sim.DecodeTable.Batch04Part31
00f53823	Vsa.Sim.DecodeTable.Batch04Part31
00f567b3	Dc.Mach.DecodeTable.Part06
00f58023	Dc.Mach.DecodeTable.Part06
00f580a3	Dc.Mach.DecodeTable.Part06
00f58733	Dc.Mach.DecodeTable.Part06
00f600a3	Dc.Mach.DecodeTable.Part06
00f60633	Vsa.Sim.DecodeTable.Batch04Part32
00f6063b	Dc.Mach.DecodeTable.Part06
00f62623	Vsa.Sim.DecodeTable.Batch05Part01
00f63023	Vsa.Sim.DecodeTable.Batch05Part01
00f680a3	Dc.Mach.DecodeTable.Part06
00f686bb	Vsa.Sim.DecodeTable.Batch05Part01
00f687bb	Vsa.Sim.DecodeTable.Batch05Part01
00f69863	Dc.Mach.DecodeTable.Part06
00f6b423	Dc.Mach.DecodeTable.Part06
00f70023	Vsa.Sim.DecodeTable.Batch05Part03
00f70463	Dc.Mach.DecodeTable.Part06
00f707b3	Vsa.Sim.DecodeTable.Batch05Part03
00f70b3b	Dc.Mach.DecodeTable.Part06
00f70c63	Dc.Mach.DecodeTable.Part06
00f71663	Dc.Mach.DecodeTable.Part06
00f72823	Dc.Mach.DecodeTable.Part06
00f73023	Vsa.Sim.DecodeTable.Batch05Part04
00f73423	Vsa.Sim.DecodeTable.Batch05Part04
00f75463	Vsa.Sim.DecodeTable.Batch05Part04
00f76e63	Dc.Mach.DecodeTable.Part06
00f777b3	Vsa.Sim.DecodeTable.Batch05Part04
00f80023	Dc.Mach.DecodeTable.Part06
00f8083b	Dc.Mach.DecodeTable.Part06
00f82623	Dc.Mach.DecodeTable.Part06
00f83023	Dc.Mach.DecodeTable.Part06
00f880a3	Dc.Mach.DecodeTable.Part06
00f888b3	Vsa.Sim.DecodeTable.Batch05Part05
00f8a623	Dc.Mach.DecodeTable.Part06
00f8f663	Dc.Mach.DecodeTable.Part06
00f90023	Dc.Mach.DecodeTable.Part06
00f92023	Dc.Mach.DecodeTable.Part06
00f92623	Dc.Mach.DecodeTable.Part06
00f93823	Vsa.Sim.DecodeTable.Batch05Part06
00f9a623	Dc.Mach.DecodeTable.Part06
00f9b023	Dc.Mach.DecodeTable.Part06
00f9b823	Dc.Mach.DecodeTable.Part06
00fa0a3b	Dc.Mach.DecodeTable.Part06
00fa2623	Dc.Mach.DecodeTable.Part06
00fa3423	Dc.Mach.DecodeTable.Part06
00fa3823	Vsa.Sim.DecodeTable.Batch05Part06
00faa623	Dc.Mach.DecodeTable.Part06
00fab823	Vsa.Sim.DecodeTable.Batch05Part07
00fad463	Dc.Mach.DecodeTable.Part06
00fb2623	Dc.Mach.DecodeTable.Part06
00fb3023	Vsa.Sim.DecodeTable.Batch05Part07
00fb3823	Dc.Mach.DecodeTable.Part06
00fb5463	Dc.Mach.DecodeTable.Part06
00fba623	Dc.Mach.DecodeTable.Part06
00fbb023	Vsa.Sim.DecodeTable.Batch05Part07
00fbb823	Dc.Mach.DecodeTable.Part06
00fbd733	Dc.Mach.DecodeTable.Part06
00fc0bb3	Dc.Mach.DecodeTable.Part06
00fc2223	Dc.Mach.DecodeTable.Part07
00fc2623	Dc.Mach.DecodeTable.Part07
00fc3823	Dc.Mach.DecodeTable.Part07
00fc6c63	Dc.Mach.DecodeTable.Part07
00fc8cb3	Vsa.Sim.DecodeTable.Batch05Part08
00fc8cbb	Dc.Mach.DecodeTable.Part07
00fca623	Dc.Mach.DecodeTable.Part07
00fcb023	Dc.Mach.DecodeTable.Part07
00fcb823	Dc.Mach.DecodeTable.Part07
00fd0d3b	Dc.Mach.DecodeTable.Part07
00fd2623	Dc.Mach.DecodeTable.Part07
00fd3823	Dc.Mach.DecodeTable.Part07
00fda223	Dc.Mach.DecodeTable.Part07
00fda623	Dc.Mach.DecodeTable.Part07
00fdb823	Dc.Mach.DecodeTable.Part07
00fe2623	Dc.Mach.DecodeTable.Part07
00fe7663	Dc.Mach.DecodeTable.Part07
0100006f	Vsa.Sim.DecodeTable.Batch05Part09
01000513	Vsa.Sim.DecodeTable.Batch05Part09
01000693	Vsa.Sim.DecodeTable.Batch05Part10
01000793	Vsa.Sim.DecodeTable.Batch05Part10
01000c93	Dc.Mach.DecodeTable.Part07
01004663	Dc.Mach.DecodeTable.Part07
01004a63	Dc.Mach.DecodeTable.Part07
01010113	Vsa.Sim.DecodeTable.Batch05Part10
01010493	Vsa.Sim.DecodeTable.Batch05Part11
01010513	Vsa.Sim.DecodeTable.Batch05Part11
01010593	Vsa.Sim.DecodeTable.Batch05Part11
01010613	Vsa.Sim.DecodeTable.Batch05Part11
01010693	Dc.Mach.DecodeTable.Part07
01012703	Dc.Mach.DecodeTable.Part07
01012783	Dc.Mach.DecodeTable.Part07
01012d03	Dc.Mach.DecodeTable.Part07
01013403	Vsa.Sim.DecodeTable.Batch05Part11
01013423	Vsa.Sim.DecodeTable.Batch05Part11
01013503	Vsa.Sim.DecodeTable.Batch05Part11
01013583	Vsa.Sim.DecodeTable.Batch05Part11
01013603	Vsa.Sim.DecodeTable.Batch05Part11
01013683	Vsa.Sim.DecodeTable.Batch05Part11
01013703	Vsa.Sim.DecodeTable.Batch05Part11
01013783	Vsa.Sim.DecodeTable.Batch05Part11
01013803	Vsa.Sim.DecodeTable.Batch05Part12
01013823	Vsa.Sim.DecodeTable.Batch05Part12
01013883	Vsa.Sim.DecodeTable.Batch05Part12
01013903	Vsa.Sim.DecodeTable.Batch05Part12
01013a03	Vsa.Sim.DecodeTable.Batch05Part12
01013c03	Vsa.Sim.DecodeTable.Batch05Part12
01013c23	Vsa.Sim.DecodeTable.Batch05Part12
01040513	Vsa.Sim.DecodeTable.Batch05Part13
01042783	Vsa.Sim.DecodeTable.Batch05Part13
01043503	Dc.Mach.DecodeTable.Part07
01043703	Vsa.Sim.DecodeTable.Batch05Part14
01048513	Dc.Mach.DecodeTable.Part07
0104b583	Dc.Mach.DecodeTable.Part07
0104b683	Dc.Mach.DecodeTable.Part07
0104b703	Vsa.Sim.DecodeTable.Batch05Part14
01050513	Vsa.Sim.DecodeTable.Batch05Part14
0105053b	Vsa.Sim.DecodeTable.Batch05Part14
01052783	Vsa.Sim.DecodeTable.Batch05Part15
01053503	Vsa.Sim.DecodeTable.Batch05Part15
01060633	Vsa.Sim.DecodeTable.Batch05Part16
01060833	Dc.Mach.DecodeTable.Part07
01068793	Dc.Mach.DecodeTable.Part07
01070733	Dc.Mach.DecodeTable.Part07
01072783	Dc.Mach.DecodeTable.Part07
01073783	Dc.Mach.DecodeTable.Part07
01073983	Dc.Mach.DecodeTable.Part07
01076733	Dc.Mach.DecodeTable.Part07
010786b3	Dc.Mach.DecodeTable.Part07
010787bb	Dc.Mach.DecodeTable.Part07
0107b583	Vsa.Sim.DecodeTable.Batch05Part19
0107b703	Vsa.Sim.DecodeTable.Batch05Part19
0107ba03	Dc.Mach.DecodeTable.Part07
0109b783	Vsa.Sim.DecodeTable.Batch05Part20
010a3683	Dc.Mach.DecodeTable.Part07
010a3783	Vsa.Sim.DecodeTable.Batch05Part20
01113423	Vsa.Sim.DecodeTable.Batch05Part22
01113823	Vsa.Sim.DecodeTable.Batch05Part22
01113c23	Vsa.Sim.DecodeTable.Batch05Part22
01135463	Dc.Mach.DecodeTable.Part07
01166633	Dc.Mach.DecodeTable.Part07
011680a3	Dc.Mach.DecodeTable.Part07
01170733	Dc.Mach.DecodeTable.Part07
01179a63	Dc.Mach.DecodeTable.Part07
01200c13	Dc.Mach.DecodeTable.Part07
01210433	Dc.Mach.DecodeTable.Part07
01213023	Vsa.Sim.DecodeTable.Batch18
01213423	Dc.Mach.DecodeTable.Part07
01213823	Vsa.Sim.DecodeTable.Batch05Part24
01250533	Dc.Mach.DecodeTable.Part07
012787b3	Vsa.Sim.DecodeTable.Batch05Part25
01298933	Dc.Mach.DecodeTable.Part07
0129d463	Dc.Mach.DecodeTable.Part07
012b3023	Dc.Mach.DecodeTable.Part07
01313423	Vsa.Sim.DecodeTable.Batch05Part25
01313c23	Vsa.Sim.DecodeTable.Batch05Part26
01340433	Dc.Mach.DecodeTable.Part07
013406b3	Dc.Mach.DecodeTable.Part07
013409b3	Dc.Mach.DecodeTable.Part07
01350533	Dc.Mach.DecodeTable.Part07
0135883b	Dc.Mach.DecodeTable.Part07
013686bb	Dc.Mach.DecodeTable.Part07
013787b3	Vsa.Sim.DecodeTable.Batch05Part26
01390933	Dc.Mach.DecodeTable.Part07
01394463	Dc.Mach.DecodeTable.Part07
013a0a3b	Dc.Mach.DecodeTable.Part07
013b0b33	Dc.Mach.DecodeTable.Part07
013c8d3b	Dc.Mach.DecodeTable.Part07
013cb023	Dc.Mach.DecodeTable.Part07
0140006f	Vsa.Sim.DecodeTable.Batch05Part26
014010ef	Dc.Mach.DecodeTable.Part07
01413823	Vsa.Sim.DecodeTable.Batch05Part27
01448a33	Dc.Mach.DecodeTable.Part07
0145873b	Dc.Mach.DecodeTable.Part07
0146063b	Dc.Mach.DecodeTable.Part07
014787bb	Vsa.Sim.DecodeTable.Batch05Part28
0147d463	Dc.Mach.DecodeTable.Part07
01498a33	Dc.Mach.DecodeTable.Part07
0149a223	Dc.Mach.DecodeTable.Part07
0149b023	Dc.Mach.DecodeTable.Part07
014b8bb3	Dc.Mach.DecodeTable.Part07
014bb023	Vsa.Sim.DecodeTable.Batch05Part29
014c8cbb	Dc.Mach.DecodeTable.Part07
014cb023	Dc.Mach.DecodeTable.Part07
014d8023	Dc.Mach.DecodeTable.Part07
01512e23	Dc.Mach.DecodeTable.Part07
01513423	Vsa.Sim.DecodeTable.Batch05Part29
01513c23	Vsa.Sim.DecodeTable.Batch05Part29
01548333	Dc.Mach.DecodeTable.Part07
01548abb	Dc.Mach.DecodeTable.Part07
01565463	Dc.Mach.DecodeTable.Part07
01575463	Dc.Mach.DecodeTable.Part07
01579463	Dc.Mach.DecodeTable.Part07
015a2223	Dc.Mach.DecodeTable.Part07
015b3023	Dc.Mach.DecodeTable.Part07
015b8bb3	Dc.Mach.DecodeTable.Part07
015bb023	Dc.Mach.DecodeTable.Part07
015cb023	Dc.Mach.DecodeTable.Part07
015cb423	Dc.Mach.DecodeTable.Part07
01613023	Vsa.Sim.DecodeTable.Batch05Part30
0167d463	Dc.Mach.DecodeTable.Part07
01690863	Dc.Mach.DecodeTable.Part07
01698bbb	Dc.Mach.DecodeTable.Part07
016a2423	Dc.Mach.DecodeTable.Part07
016a87b3	Dc.Mach.DecodeTable.Part07
01713c23	Vsa.Sim.DecodeTable.Batch05Part32
017787b3	Vsa.Sim.DecodeTable.Batch05Part32
017a0a3b	Dc.Mach.DecodeTable.Part07
017cb023	Dc.Mach.DecodeTable.Part07
017d6863	Dc.Mach.DecodeTable.Part07
017d7e63	Dc.Mach.DecodeTable.Part07
0180006f	Vsa.Sim.DecodeTable.Batch06Part01
01800513	Dc.Mach.DecodeTable.Part07
018020ef	Dc.Mach.DecodeTable.Part07
01810493	Dc.Mach.DecodeTable.Part07
01810513	Dc.Mach.DecodeTable.Part07
01810593	Vsa.Sim.DecodeTable.Batch06Part01
01810613	Vsa.Sim.DecodeTable.Batch06Part01
01810693	Dc.Mach.DecodeTable.Part07
01810713	Vsa.Sim.DecodeTable.Batch06Part01
01813083	Vsa.Sim.DecodeTable.Batch06Part01
01813403	Vsa.Sim.DecodeTable.Batch06Part01
01813423	Dc.Mach.DecodeTable.Part08
01813483	Vsa.Sim.DecodeTable.Batch06Part02
01813503	Vsa.Sim.DecodeTable.Batch06Part02
01813583	Vsa.Sim.DecodeTable.Batch06Part02
01813603	Vsa.Sim.DecodeTable.Batch06Part02
01813683	Vsa.Sim.DecodeTable.Batch06Part02
01813703	Vsa.Sim.DecodeTable.Batch06Part02
01813783	Vsa.Sim.DecodeTable.Batch06Part02
01813803	Vsa.Sim.DecodeTable.Batch06Part02
01813823	Vsa.Sim.DecodeTable.Batch06Part02
01813883	Vsa.Sim.DecodeTable.Batch06Part02
01813983	Vsa.Sim.DecodeTable.Batch06Part02
01813a83	Vsa.Sim.DecodeTable.Batch06Part02
01813b03	Dc.Mach.DecodeTable.Part08
01813b83	Vsa.Sim.DecodeTable.Batch06Part02
01813c83	Vsa.Sim.DecodeTable.Batch06Part02
01813d83	Vsa.Sim.DecodeTable.Batch06Part03
01843403	Vsa.Sim.DecodeTable.Batch06Part03
01843503	Dc.Mach.DecodeTable.Part08
01843683	Vsa.Sim.DecodeTable.Batch06Part03
01843783	Vsa.Sim.DecodeTable.Batch06Part03
0184a503	Dc.Mach.DecodeTable.Part08
0184b483	Dc.Mach.DecodeTable.Part08
0184b503	Dc.Mach.DecodeTable.Part08
0184b603	Dc.Mach.DecodeTable.Part08
0184b683	Dc.Mach.DecodeTable.Part08
0184b703	Dc.Mach.DecodeTable.Part08
0184b783	Vsa.Sim.DecodeTable.Batch06Part04
01850533	Dc.Mach.DecodeTable.Part08
0185b783	Vsa.Sim.DecodeTable.Batch06Part04
0186969b	Dc.Mach.DecodeTable.Part08
01873503	Dc.Mach.DecodeTable.Part08
01873603	Dc.Mach.DecodeTable.Part08
01873683	Dc.Mach.DecodeTable.Part08
018787b3	Vsa.Sim.DecodeTable.Batch06Part06
0187951b	Dc.Mach.DecodeTable.Part08
0187959b	Dc.Mach.DecodeTable.Part08
0187b503	Vsa.Sim.DecodeTable.Batch06Part06
0187b703	Dc.Mach.DecodeTable.Part08
0187b783	Dc.Mach.DecodeTable.Part08
01893503	Dc.Mach.DecodeTable.Part08
0189b503	Dc.Mach.DecodeTable.Part08
018a3503	Dc.Mach.DecodeTable.Part08
018a3703	Vsa.Sim.DecodeTable.Batch06Part07
018ab503	Dc.Mach.DecodeTable.Part08
018b3503	Dc.Mach.DecodeTable.Part08
018bb503	Dc.Mach.DecodeTable.Part08
018c3503	Dc.Mach.DecodeTable.Part08
018cb023	Dc.Mach.DecodeTable.Part08
018cb503	Dc.Mach.DecodeTable.Part08
018d3503	Dc.Mach.DecodeTable.Part08
018db503	Dc.Mach.DecodeTable.Part08
01913423	Vsa.Sim.DecodeTable.Batch06Part08
01913c23	Dc.Mach.DecodeTable.Part08
01973023	Vsa.Sim.DecodeTable.Batch06Part08
01990633	Dc.Mach.DecodeTable.Part08
01990cb3	Dc.Mach.DecodeTable.Part08
01a13c23	Dc.Mach.DecodeTable.Part08
01a50d3b	Dc.Mach.DecodeTable.Part08
01aa8a3b	Dc.Mach.DecodeTable.Part08
01abb023	Vsa.Sim.DecodeTable.Batch06Part10
01b787bb	Vsa.Sim.DecodeTable.Batch06Part10
01bcb023	Dc.Mach.DecodeTable.Part08
01c0006f	Vsa.Sim.DecodeTable.Batch06Part11
01c000ef	Dc.Mach.DecodeTable.Part08
01c10613	Dc.Mach.DecodeTable.Part08
01c12503	Dc.Mach.DecodeTable.Part08
01c12703	Dc.Mach.DecodeTable.Part08
01c13423	Dc.Mach.DecodeTable.Part08
01c13823	Dc.Mach.DecodeTable.Part08
01c30023	Dc.Mach.DecodeTable.Part08
01c7073b	Dc.Mach.DecodeTable.Part08
01d020ef	Dc.Mach.DecodeTable.Part08
01d58eb3	Dc.Mach.DecodeTable.Part08
01e75793	Vsa.Sim.DecodeTable.Batch06Part14
01e7d79b	Dc.Mach.DecodeTable.Part08
01f29293	Vsa.Sim.DecodeTable.Batch06Part15
01f5551b	Dc.Mach.DecodeTable.Part08
01f7561b	Dc.Mach.DecodeTable.Part08
01f75793	Vsa.Sim.DecodeTable.Batch06Part15
01f7d41b	Dc.Mach.DecodeTable.Part08
0200006f	Vsa.Sim.DecodeTable.Batch06Part16
02000513	Vsa.Sim.DecodeTable.Batch06Part16
02010113	Vsa.Sim.DecodeTable.Batch06Part16
02010513	Vsa.Sim.DecodeTable.Batch06Part17
02010613	Dc.Mach.DecodeTable.Part08
02010c93	Dc.Mach.DecodeTable.Part08
02012783	Dc.Mach.DecodeTable.Part08
02012b83	Dc.Mach.DecodeTable.Part08
02013023	Vsa.Sim.DecodeTable.Batch06Part17
02013403	Vsa.Sim.DecodeTable.Batch06Part17
02013423	Vsa.Sim.DecodeTable.Batch06Part17
02013503	Dc.Mach.DecodeTable.Part08
02013583	Vsa.Sim.DecodeTable.Batch06Part17
02013683	Vsa.Sim.DecodeTable.Batch06Part17
02013783	Vsa.Sim.DecodeTable.Batch06Part17
02013823	Vsa.Sim.DecodeTable.Batch06Part17
02013903	Vsa.Sim.DecodeTable.Batch06Part17
02013983	Dc.Mach.DecodeTable.Part08
02013a03	Vsa.Sim.DecodeTable.Batch06Part18
02013b03	Vsa.Sim.DecodeTable.Batch06Part18
02013c03	Dc.Mach.DecodeTable.Part08
02013c23	Vsa.Sim.DecodeTable.Batch06Part18
02040863	Vsa.Sim.DecodeTable.Batch06Part19
02040a63	Dc.Mach.DecodeTable.Part08
02040c63	Dc.Mach.DecodeTable.Part08
02041413	Dc.Mach.DecodeTable.Part08
02043583	Vsa.Sim.DecodeTable.Batch06Part19
02043603	Vsa.Sim.DecodeTable.Batch06Part19
02043703	Dc.Mach.DecodeTable.Part08
02043783	Dc.Mach.DecodeTable.Part08
02045413	Dc.Mach.DecodeTable.Part08
02049c93	Dc.Mach.DecodeTable.Part08
0204b583	Dc.Mach.DecodeTable.Part08
0204b783	Dc.Mach.DecodeTable.Part08
0204b883	Dc.Mach.DecodeTable.Part08
02050513	Dc.Mach.DecodeTable.Part08
02050663	Vsa.Sim.DecodeTable.Batch06Part20
02050a63	Dc.Mach.DecodeTable.Part08
02050c63	Dc.Mach.DecodeTable.Part08
02050e63	Vsa.Sim.DecodeTable.Batch06Part20
02051063	Dc.Mach.DecodeTable.Part08
02051463	Vsa.Sim.DecodeTable.Batch06Part20
02051513	Vsa.Sim.DecodeTable.Batch06Part20
02051713	Vsa.Sim.DecodeTable.Batch06Part20
02051e63	Vsa.Sim.DecodeTable.Batch06Part21
02053503	Dc.Mach.DecodeTable.Part08
02053603	Dc.Mach.DecodeTable.Part08
02053683	Dc.Mach.DecodeTable.Part08
02053703	Dc.Mach.DecodeTable.Part08
02053783	Dc.Mach.DecodeTable.Part08
02053803	Dc.Mach.DecodeTable.Part08
02054663	Dc.Mach.DecodeTable.Part08
02055513	Vsa.Sim.DecodeTable.Batch06Part21
02058263	Dc.Mach.DecodeTable.Part08
02058463	Vsa.Sim.DecodeTable.Batch06Part21
02059593	Dc.Mach.DecodeTable.Part08
02059863	Vsa.Sim.DecodeTable.Batch06Part21
0205b783	Dc.Mach.DecodeTable.Part08
0205b803	Dc.Mach.DecodeTable.Part08
0205c863	Dc.Mach.DecodeTable.Part08
0205d593	Vsa.Sim.DecodeTable.Batch06Part22
02060063	Vsa.Sim.DecodeTable.Batch06Part22
02060263	Dc.Mach.DecodeTable.Part08
02060863	Dc.Mach.DecodeTable.Part08
02060c63	Vsa.Sim.DecodeTable.Batch06Part22
02060e63	Dc.Mach.DecodeTable.Part08
02061613	Vsa.Sim.DecodeTable.Batch06Part22
02061993	Dc.Mach.DecodeTable.Part08
02063583	Dc.Mach.DecodeTable.Part08
02065613	Vsa.Sim.DecodeTable.Batch06Part22
02068c63	Dc.Mach.DecodeTable.Part08
02069063	Dc.Mach.DecodeTable.Part08
02069663	Dc.Mach.DecodeTable.Part08
02069693	Vsa.Sim.DecodeTable.Batch06Part23
0206b603	Dc.Mach.DecodeTable.Part08
0206d693	Vsa.Sim.DecodeTable.Batch06Part23
02070263	Dc.Mach.DecodeTable.Part08
02070a63	Dc.Mach.DecodeTable.Part08
02070e63	Vsa.Sim.DecodeTable.Batch06Part24
02071063	Vsa.Sim.DecodeTable.Batch06Part24
02071463	Vsa.Sim.DecodeTable.Batch06Part24
02071663	Vsa.Sim.DecodeTable.Batch06Part24
02071713	Vsa.Sim.DecodeTable.Batch06Part24
02071863	Dc.Mach.DecodeTable.Part08
02073703	Dc.Mach.DecodeTable.Part08
02074a63	Dc.Mach.DecodeTable.Part08
02075713	Vsa.Sim.DecodeTable.Batch06Part24
02078063	Vsa.Sim.DecodeTable.Batch06Part24
02078263	Vsa.Sim.DecodeTable.Batch06Part24
02078663	Vsa.Sim.DecodeTable.Batch06Part25
02078a63	Dc.Mach.DecodeTable.Part08
02078e63	Vsa.Sim.DecodeTable.Batch06Part25
02079063	Vsa.Sim.DecodeTable.Batch06Part25
02079263	Dc.Mach.DecodeTable.Part08
02079593	Dc.Mach.DecodeTable.Part08
02079663	Dc.Mach.DecodeTable.Part09
02079693	Vsa.Sim.DecodeTable.Batch06Part25
02079713	Vsa.Sim.DecodeTable.Batch06Part25
02079793	Vsa.Sim.DecodeTable.Batch06Part25
02079893	Vsa.Sim.DecodeTable.Batch06Part26
02079a93	Dc.Mach.DecodeTable.Part09
0207b403	Dc.Mach.DecodeTable.Part09
0207b603	Dc.Mach.DecodeTable.Part09
0207bb83	Dc.Mach.DecodeTable.Part09
0207bc03	Dc.Mach.DecodeTable.Part09
0207bd03	Dc.Mach.DecodeTable.Part09
0207d793	Vsa.Sim.DecodeTable.Batch06Part26
02081793	Dc.Mach.DecodeTable.Part09
02081813	Dc.Mach.DecodeTable.Part09
02081d93	Dc.Mach.DecodeTable.Part09
02085813	Vsa.Sim.DecodeTable.Batch06Part26
02089893	Dc.Mach.DecodeTable.Part09
02089e13	Vsa.Sim.DecodeTable.Batch06Part26
0208d893	Dc.Mach.DecodeTable.Part09
02093503	Dc.Mach.DecodeTable.Part09
02093583	Dc.Mach.DecodeTable.Part09
02093983	Dc.Mach.DecodeTable.Part09
02093b83	Dc.Mach.DecodeTable.Part09
02093c83	Dc.Mach.DecodeTable.Part09
02098a63	Dc.Mach.DecodeTable.Part09
02099693	Dc.Mach.DecodeTable.Part09
02099713	Dc.Mach.DecodeTable.Part09
02099993	Dc.Mach.DecodeTable.Part09
0209b703	Dc.Mach.DecodeTable.Part09
0209b783	Dc.Mach.DecodeTable.Part09
0209d993	Vsa.Sim.DecodeTable.Batch06Part27
020a1a13	Dc.Mach.DecodeTable.Part09
020a3703	Dc.Mach.DecodeTable.Part09
020a3783	Dc.Mach.DecodeTable.Part09
020a5a13	Vsa.Sim.DecodeTable.Batch06Part27
020a9693	Dc.Mach.DecodeTable.Part09
020ab703	Dc.Mach.DecodeTable.Part09
020ab783	Dc.Mach.DecodeTable.Part09
020abd83	Dc.Mach.DecodeTable.Part09
020ada93	Dc.Mach.DecodeTable.Part09
020b0a63	Dc.Mach.DecodeTable.Part09
020b1b13	Dc.Mach.DecodeTable.Part09
020b3803	Dc.Mach.DecodeTable.Part09
020b5b13	Vsa.Sim.DecodeTable.Batch06Part27
020b9693	Dc.Mach.DecodeTable.Part09
020b9793	Dc.Mach.DecodeTable.Part09
020b9b93	Dc.Mach.DecodeTable.Part09
020bb583	Dc.Mach.DecodeTable.Part09
020bb703	Dc.Mach.DecodeTable.Part09
020c0a63	Dc.Mach.DecodeTable.Part09
020c3703	Dc.Mach.DecodeTable.Part09
020c3783	Dc.Mach.DecodeTable.Part09
020c3803	Dc.Mach.DecodeTable.Part09
020c8a63	Dc.Mach.DecodeTable.Part09
020cdc93	Dc.Mach.DecodeTable.Part09
020d0663	Dc.Mach.DecodeTable.Part09
020d0a63	Dc.Mach.DecodeTable.Part09
020d1d13	Vsa.Sim.DecodeTable.Batch06Part27
020d3703	Dc.Mach.DecodeTable.Part09
020d5d13	Vsa.Sim.DecodeTable.Batch06Part27
020db783	Dc.Mach.DecodeTable.Part09
020ddd93	Dc.Mach.DecodeTable.Part09
020e1e13	Dc.Mach.DecodeTable.Part09
020e5e13	Vsa.Sim.DecodeTable.Batch06Part28
02113423	Vsa.Sim.DecodeTable.Batch06Part28
02113c23	Vsa.Sim.DecodeTable.Batch06Part28
02300693	Dc.Mach.DecodeTable.Part09
02300b13	Dc.Mach.DecodeTable.Part09
02500713	Dc.Mach.DecodeTable.Part09
02500a13	Dc.Mach.DecodeTable.Part09
02570713	Dc.Mach.DecodeTable.Part09
0280006f	Vsa.Sim.DecodeTable.Batch06Part29
02800513	Dc.Mach.DecodeTable.Part09
02800593	Dc.Mach.DecodeTable.Part09
02810513	Dc.Mach.DecodeTable.Part09
02810613	Vsa.Sim.DecodeTable.Batch06Part29
02810693	Dc.Mach.DecodeTable.Part09
02810713	Dc.Mach.DecodeTable.Part09
02813023	Vsa.Sim.DecodeTable.Batch06Part29
02813083	Vsa.Sim.DecodeTable.Batch06Part29
02813483	Vsa.Sim.DecodeTable.Batch06Part30
02813503	Dc.Mach.DecodeTable.Part09
02813583	Dc.Mach.DecodeTable.Part09
02813783	Vsa.Sim.DecodeTable.Batch06Part30
02813823	Vsa.Sim.DecodeTable.Batch06Part30
02813983	Vsa.Sim.DecodeTable.Batch06Part30
02813a83	Vsa.Sim.DecodeTable.Batch06Part30
02813b83	Vsa.Sim.DecodeTable.Batch06Part30
02813d03	Dc.Mach.DecodeTable.Part09
0287f063	Dc.Mach.DecodeTable.Part09
028be263	Dc.Mach.DecodeTable.Part09
02913423	Vsa.Sim.DecodeTable.Batch06Part31
02913c23	Vsa.Sim.DecodeTable.Batch06Part32
0297f463	Dc.Mach.DecodeTable.Part09
029be263	Dc.Mach.DecodeTable.Part09
02a13023	Vsa.Sim.DecodeTable.Batch06Part32
02a13423	Vsa.Sim.DecodeTable.Batch06Part32
02a13823	Vsa.Sim.DecodeTable.Batch06Part32
02a43023	Dc.Mach.DecodeTable.Part09
02a68463	Dc.Mach.DecodeTable.Part09
02a78c63	Dc.Mach.DecodeTable.Part09
02b00793	Vsa.Sim.DecodeTable.Batch06Part32
02b05863	Dc.Mach.DecodeTable.Part09
02b13423	Dc.Mach.DecodeTable.Part09
02b13c23	Dc.Mach.DecodeTable.Part09
02c13423	Vsa.Sim.DecodeTable.Batch07Part01
02c13823	Vsa.Sim.DecodeTable.Batch07Part01
02c13c23	Vsa.Sim.DecodeTable.Batch07Part01
02c45663	Dc.Mach.DecodeTable.Part09
02c51863	Dc.Mach.DecodeTable.Part09
02cad463	Dc.Mach.DecodeTable.Part09
02d00513	Dc.Mach.DecodeTable.Part09
02d00693	Vsa.Sim.DecodeTable.Batch07Part02
02d00793	Vsa.Sim.DecodeTable.Batch07Part02
02d68693	Dc.Mach.DecodeTable.Part09
02dd8c63	Dc.Mach.DecodeTable.Part09
02e00513	Dc.Mach.DecodeTable.Part09
02e00593	Dc.Mach.DecodeTable.Part09
02e00693	Dc.Mach.DecodeTable.Part09
02e00793	Vsa.Sim.DecodeTable.Batch07Part03
02e5f263	Dc.Mach.DecodeTable.Part09
02e68463	Dc.Mach.DecodeTable.Part09
02e78263	Dc.Mach.DecodeTable.Part09
02e78e63	Dc.Mach.DecodeTable.Part09
02e88e63	Dc.Mach.DecodeTable.Part09
02f05463	Dc.Mach.DecodeTable.Part09
02f05863	Dc.Mach.DecodeTable.Part09
02f05e63	Vsa.Sim.DecodeTable.Batch07Part05
02f12823	Vsa.Sim.DecodeTable.Batch07Part05
02f13023	Vsa.Sim.DecodeTable.Batch07Part05
02f13823	Vsa.Sim.DecodeTable.Batch07Part05
02f13c23	Vsa.Sim.DecodeTable.Batch07Part05
02f43023	Dc.Mach.DecodeTable.Part09
02f50463	Dc.Mach.DecodeTable.Part09
02f53023	Dc.Mach.DecodeTable.Part09
02f60663	Dc.Mach.DecodeTable.Part09
02f65063	Dc.Mach.DecodeTable.Part09
02f68a63	Dc.Mach.DecodeTable.Part09
02f70863	Dc.Mach.DecodeTable.Part09
02f70e63	Dc.Mach.DecodeTable.Part09
02f72e23	Dc.Mach.DecodeTable.Part09
02f88e63	Dc.Mach.DecodeTable.Part09
02f9b023	Dc.Mach.DecodeTable.Part10
02fa3023	Dc.Mach.DecodeTable.Part10
02fab023	Dc.Mach.DecodeTable.Part10
02fc3023	Dc.Mach.DecodeTable.Part10
02fdb023	Dc.Mach.DecodeTable.Part10
03000513	Vsa.Sim.DecodeTable.Batch07Part06
03000693	Dc.Mach.DecodeTable.Part10
03000713	Vsa.Sim.DecodeTable.Batch07Part07
03000793	Vsa.Sim.DecodeTable.Batch07Part07
03010113	Vsa.Sim.DecodeTable.Batch07Part07
03010513	Dc.Mach.DecodeTable.Part10
03010613	Dc.Mach.DecodeTable.Part10
03010713	Dc.Mach.DecodeTable.Part10
03013403	Vsa.Sim.DecodeTable.Batch07Part07
03013423	Vsa.Sim.DecodeTable.Batch07Part07
03013503	Dc.Mach.DecodeTable.Part10
03013783	Vsa.Sim.DecodeTable.Batch07Part07
03013903	Vsa.Sim.DecodeTable.Batch07Part08
03013a03	Vsa.Sim.DecodeTable.Batch07Part08
03013b03	Dc.Mach.DecodeTable.Part10
03050513	Dc.Mach.DecodeTable.Part10
03069693	Dc.Mach.DecodeTable.Part10
03070713	Vsa.Sim.DecodeTable.Batch07Part10
0307071b	Vsa.Sim.DecodeTable.Batch07Part10
03070e63	Dc.Mach.DecodeTable.Part10
03071713	Vsa.Sim.DecodeTable.Batch07Part10
0307879b	Vsa.Sim.DecodeTable.Batch07Part11
03078c63	Dc.Mach.DecodeTable.Part10
03079793	Vsa.Sim.DecodeTable.Batch07Part11
03081813	Dc.Mach.DecodeTable.Part10
03089893	Dc.Mach.DecodeTable.Part10
030b4063	Dc.Mach.DecodeTable.Part10
03135663	Dc.Mach.DecodeTable.Part10
03205663	Dc.Mach.DecodeTable.Part10
03213023	Vsa.Sim.DecodeTable.Batch07Part12
03213823	Vsa.Sim.DecodeTable.Batch07Part13
03278c63	Dc.Mach.DecodeTable.Part10
03313423	Vsa.Sim.DecodeTable.Batch07Part13
03313c23	Vsa.Sim.DecodeTable.Batch07Part13
0337f463	Dc.Mach.DecodeTable.Part10
0340006f	Vsa.Sim.DecodeTable.Batch07Part14
03413023	Vsa.Sim.DecodeTable.Batch07Part14
03413823	Vsa.Sim.DecodeTable.Batch07Part14
03478263	Dc.Mach.DecodeTable.Part10
035010ef	Vsa.Sim.DecodeTable.Batch07Part15
035020ef	Dc.Mach.DecodeTable.Part10
03513423	Vsa.Sim.DecodeTable.Batch07Part15
03513c23	Dc.Mach.DecodeTable.Part10
03613023	Vsa.Sim.DecodeTable.Batch07Part16
03613823	Dc.Mach.DecodeTable.Part10
03713423	Vsa.Sim.DecodeTable.Batch07Part16
0379b023	Dc.Mach.DecodeTable.Part10
037a3023	Dc.Mach.DecodeTable.Part10
037db023	Dc.Mach.DecodeTable.Part10
03810513	Vsa.Sim.DecodeTable.Batch07Part17
03810613	Dc.Mach.DecodeTable.Part10
03810713	Dc.Mach.DecodeTable.Part10
03813023	Dc.Mach.DecodeTable.Part10
03813083	Vsa.Sim.DecodeTable.Batch07Part17
03813483	Vsa.Sim.DecodeTable.Batch07Part17
03813583	Dc.Mach.DecodeTable.Part10
03813683	Vsa.Sim.DecodeTable.Batch07Part18
03813783	Vsa.Sim.DecodeTable.Batch07Part18
03813983	Vsa.Sim.DecodeTable.Batch07Part18
03813a83	Dc.Mach.DecodeTable.Part10
03813c03	Vsa.Sim.DecodeTable.Batch07Part18
03813d83	Vsa.Sim.DecodeTable.Batch07Part18
03950463	Dc.Mach.DecodeTable.Part10
03a13023	Vsa.Sim.DecodeTable.Batch07Part20
03a13423	Dc.Mach.DecodeTable.Part10
03a78e63	Dc.Mach.DecodeTable.Part10
03a9b023	Dc.Mach.DecodeTable.Part10
03ac3023	Dc.Mach.DecodeTable.Part10
03b13c23	Vsa.Sim.DecodeTable.Batch07Part20
03b4e063	Dc.Mach.DecodeTable.Part10
03bc4263	Dc.Mach.DecodeTable.Part10
03c000ef	Dc.Mach.DecodeTable.Part10
040010ef	Vsa.Sim.DecodeTable.Batch07Part23
04010113	Vsa.Sim.DecodeTable.Batch07Part23
04010313	Dc.Mach.DecodeTable.Part10
04010513	Vsa.Sim.DecodeTable.Batch07Part23
04010613	Vsa.Sim.DecodeTable.Batch07Part23
04013403	Vsa.Sim.DecodeTable.Batch07Part23
04013503	Vsa.Sim.DecodeTable.Batch07Part24
04013703	Vsa.Sim.DecodeTable.Batch07Part24
04013903	Vsa.Sim.DecodeTable.Batch07Part24
04013983	Dc.Mach.DecodeTable.Part10
04013a03	Dc.Mach.DecodeTable.Part10
04013a83	Dc.Mach.DecodeTable.Part10
04013d03	Vsa.Sim.DecodeTable.Batch07Part24
04040663	Dc.Mach.DecodeTable.Part10
04048063	Dc.Mach.DecodeTable.Part10
04050263	Vsa.Sim.DecodeTable.Batch07Part25
04050463	Dc.Mach.DecodeTable.Part10
04050863	Vsa.Sim.DecodeTable.Batch07Part26
04068863	Vsa.Sim.DecodeTable.Batch07Part27
04068a63	Vsa.Sim.DecodeTable.Batch07Part27
04070263	Vsa.Sim.DecodeTable.Batch07Part27
04070463	Dc.Mach.DecodeTable.Part10
04070663	Dc.Mach.DecodeTable.Part10
04071c63	Dc.Mach.DecodeTable.Part10
04078263	Vsa.Sim.DecodeTable.Batch07Part27
04078663	Vsa.Sim.DecodeTable.Batch07Part27
04078863	Vsa.Sim.DecodeTable.Batch07Part28
04078c63	Vsa.Sim.DecodeTable.Batch07Part28
04078e63	Dc.Mach.DecodeTable.Part10
04079663	Dc.Mach.DecodeTable.Part10
04090e63	Dc.Mach.DecodeTable.Part10
04099063	Dc.Mach.DecodeTable.Part10
04113423	Vsa.Sim.DecodeTable.Batch07Part29
04113c23	Vsa.Sim.DecodeTable.Batch07Part29
0440006f	Vsa.Sim.DecodeTable.Batch07Part29
04600713	Vsa.Sim.DecodeTable.Batch07Part30
0480006f	Vsa.Sim.DecodeTable.Batch07Part30
04810513	Dc.Mach.DecodeTable.Part10
04810613	Dc.Mach.DecodeTable.Part10
04810693	Dc.Mach.DecodeTable.Part10
04813023	Vsa.Sim.DecodeTable.Batch07Part30
04813083	Vsa.Sim.DecodeTable.Batch07Part30
04813483	Vsa.Sim.DecodeTable.Batch07Part31
04813583	Vsa.Sim.DecodeTable.Batch07Part31
04813603	Vsa.Sim.DecodeTable.Batch07Part31
04813783	Vsa.Sim.DecodeTable.Batch07Part31
04813823	Vsa.Sim.DecodeTable.Batch07Part31
04813983	Vsa.Sim.DecodeTable.Batch07Part31
04813b83	Vsa.Sim.DecodeTable.Batch07Part31
04813c83	Vsa.Sim.DecodeTable.Batch07Part31
04813d83	Dc.Mach.DecodeTable.Part10
04905063	Dc.Mach.DecodeTable.Part10
04913423	Vsa.Sim.DecodeTable.Batch07Part32
04913c23	Vsa.Sim.DecodeTable.Batch08Part01
04947263	Dc.Mach.DecodeTable.Part10
04978a63	Dc.Mach.DecodeTable.Part10
04a13023	Vsa.Sim.DecodeTable.Batch08Part01
04b13423	Vsa.Sim.DecodeTable.Batch08Part01
04c0006f	Dc.Mach.DecodeTable.Part10
04c13023	Vsa.Sim.DecodeTable.Batch08Part01
04d13423	Vsa.Sim.DecodeTable.Batch08Part02
04d13c23	Dc.Mach.DecodeTable.Part10
04d5e263	Dc.Mach.DecodeTable.Part10
04e12023	Dc.Mach.DecodeTable.Part10
04e13823	Vsa.Sim.DecodeTable.Batch08Part02
04e50e63	Dc.Mach.DecodeTable.Part10
04e68c63	Dc.Mach.DecodeTable.Part10
04e81863	Dc.Mach.DecodeTable.Part10
04f05263	Dc.Mach.DecodeTable.Part10
04f05463	Dc.Mach.DecodeTable.Part10
04f13c23	Vsa.Sim.DecodeTable.Batch08Part03
04f50c63	Dc.Mach.DecodeTable.Part10
04f50e63	Dc.Mach.DecodeTable.Part10
04f58063	Dc.Mach.DecodeTable.Part10
04f6e263	Dc.Mach.DecodeTable.Part10
04f70663	Dc.Mach.DecodeTable.Part10
04f70a63	Dc.Mach.DecodeTable.Part10
04fb8063	Dc.Mach.DecodeTable.Part10
0500006f	Dc.Mach.DecodeTable.Part10
05010113	Vsa.Sim.DecodeTable.Batch08Part03
05013403	Vsa.Sim.DecodeTable.Batch08Part03
05013603	Vsa.Sim.DecodeTable.Batch08Part04
05013683	Vsa.Sim.DecodeTable.Batch08Part04
05013703	Vsa.Sim.DecodeTable.Batch08Part04
05013903	Vsa.Sim.DecodeTable.Batch08Part04
05013b03	Vsa.Sim.DecodeTable.Batch08Part04
05013c03	Vsa.Sim.DecodeTable.Batch08Part04
05013d03	Dc.Mach.DecodeTable.Part10
05112023	Dc.Mach.DecodeTable.Part10
05112823	Dc.Mach.DecodeTable.Part10
05113023	Vsa.Sim.DecodeTable.Batch08Part05
05113423	Vsa.Sim.DecodeTable.Batch08Part05
05213023	Vsa.Sim.DecodeTable.Batch08Part05
05213823	Vsa.Sim.DecodeTable.Batch08Part05
05278463	Dc.Mach.DecodeTable.Part10
05313023	Dc.Mach.DecodeTable.Part10
05313423	Vsa.Sim.DecodeTable.Batch08Part05
05390463	Dc.Mach.DecodeTable.Part10
05413023	Dc.Mach.DecodeTable.Part10
05513c23	Vsa.Sim.DecodeTable.Batch08Part06
05613823	Vsa.Sim.DecodeTable.Batch08Part07
05613c23	Dc.Mach.DecodeTable.Part10
05713423	Vsa.Sim.DecodeTable.Batch08Part07
05713c23	Vsa.Sim.DecodeTable.Batch08Part07
0577c463	Dc.Mach.DecodeTable.Part10
0580006f	Dc.Mach.DecodeTable.Part10
05810613	Dc.Mach.DecodeTable.Part10
05810713	Dc.Mach.DecodeTable.Part10
05813083	Vsa.Sim.DecodeTable.Batch08Part07
05813483	Vsa.Sim.DecodeTable.Batch08Part07
05813683	Dc.Mach.DecodeTable.Part10
05813703	Vsa.Sim.DecodeTable.Batch08Part07
05813783	Vsa.Sim.DecodeTable.Batch08Part07
05813823	Vsa.Sim.DecodeTable.Batch08Part08
05813a83	Vsa.Sim.DecodeTable.Batch08Part08
05813b03	Dc.Mach.DecodeTable.Part10
05813b83	Vsa.Sim.DecodeTable.Batch08Part08
05813c83	Dc.Mach.DecodeTable.Part10
05813d83	Dc.Mach.DecodeTable.Part10
05913423	Vsa.Sim.DecodeTable.Batch08Part09
05913c23	Dc.Mach.DecodeTable.Part10
05a13023	Vsa.Sim.DecodeTable.Batch08Part09
05a13823	Dc.Mach.DecodeTable.Part10
05b00513	Dc.Mach.DecodeTable.Part10
05b00593	Dc.Mach.DecodeTable.Part10
05b13423	Dc.Mach.DecodeTable.Part11
05b13c23	Dc.Mach.DecodeTable.Part11
05c00513	Dc.Mach.DecodeTable.Part11
05c040ef	Dc.Mach.DecodeTable.Part11
05d00613	Dc.Mach.DecodeTable.Part11
05d00793	Dc.Mach.DecodeTable.Part11
06010113	Vsa.Sim.DecodeTable.Batch08Part11
06013403	Vsa.Sim.DecodeTable.Batch08Part11
06013603	Dc.Mach.DecodeTable.Part11
06013703	Vsa.Sim.DecodeTable.Batch08Part11
06013a03	Vsa.Sim.DecodeTable.Batch08Part11
06013b03	Vsa.Sim.DecodeTable.Batch08Part11
06013c03	Dc.Mach.DecodeTable.Part11
06013d03	Vsa.Sim.DecodeTable.Batch08Part11
06040063	Dc.Mach.DecodeTable.Part11
06040c63	Dc.Mach.DecodeTable.Part11
06048a63	Dc.Mach.DecodeTable.Part11
06048e63	Dc.Mach.DecodeTable.Part11
06050663	Vsa.Sim.DecodeTable.Batch08Part12
06050863	Dc.Mach.DecodeTable.Part11
06050e63	Dc.Mach.DecodeTable.Part11
06051063	Dc.Mach.DecodeTable.Part11
06051463	Vsa.Sim.DecodeTable.Batch08Part12
06053503	Dc.Mach.DecodeTable.Part11
06054063	Vsa.Sim.DecodeTable.Batch08Part12
06058063	Dc.Mach.DecodeTable.Part11
0605c663	Vsa.Sim.DecodeTable.Batch08Part12
06069263	Dc.Mach.DecodeTable.Part11
0606c463	Dc.Mach.DecodeTable.Part11
06070663	Vsa.Sim.DecodeTable.Batch08Part13
06078263	Vsa.Sim.DecodeTable.Batch08Part14
06078863	Dc.Mach.DecodeTable.Part11
06079263	Dc.Mach.DecodeTable.Part11
06079663	Vsa.Sim.DecodeTable.Batch08Part14
060b1463	Dc.Mach.DecodeTable.Part11
06113423	Vsa.Sim.DecodeTable.Batch08Part14
06113c23	Vsa.Sim.DecodeTable.Batch08Part14
064020ef	Dc.Mach.DecodeTable.Part11
06452503	Dc.Mach.DecodeTable.Part11
06805063	Dc.Mach.DecodeTable.Part11
06813023	Vsa.Sim.DecodeTable.Batch08Part16
06813083	Vsa.Sim.DecodeTable.Batch08Part16
06813583	Dc.Mach.DecodeTable.Part11
06813683	Vsa.Sim.DecodeTable.Batch08Part16
06813983	Vsa.Sim.DecodeTable.Batch08Part16
06813a83	Vsa.Sim.DecodeTable.Batch08Part17
06813b83	Vsa.Sim.DecodeTable.Batch08Part17
06813c83	Dc.Mach.DecodeTable.Part11
06813d83	Dc.Mach.DecodeTable.Part11
06913c23	Vsa.Sim.DecodeTable.Batch08Part17
06a6ec63	Dc.Mach.DecodeTable.Part11
06abe463	Dc.Mach.DecodeTable.Part11
06b79c63	Dc.Mach.DecodeTable.Part11
06c00a93	Dc.Mach.DecodeTable.Part11
06c020ef	Dc.Mach.DecodeTable.Part11
06c79463	Dc.Mach.DecodeTable.Part11
06d05063	Dc.Mach.DecodeTable.Part11
06d070ef	Dc.Mach.DecodeTable.Part11
06d13023	Dc.Mach.DecodeTable.Part11
06e13023	Vsa.Sim.DecodeTable.Batch08Part19
06e13423	Vsa.Sim.DecodeTable.Batch08Part19
06e40263	Dc.Mach.DecodeTable.Part11
06e78863	Dc.Mach.DecodeTable.Part11
06f13423	Vsa.Sim.DecodeTable.Batch08Part19
06f6ec63	Dc.Mach.DecodeTable.Part11
06f70063	Dc.Mach.DecodeTable.Part11
06f75a63	Dc.Mach.DecodeTable.Part11
07010113	Vsa.Sim.DecodeTable.Batch08Part20
07013023	Vsa.Sim.DecodeTable.Batch08Part20
07013823	Vsa.Sim.DecodeTable.Batch08Part21
07013903	Vsa.Sim.DecodeTable.Batch08Part21
07013a03	Vsa.Sim.DecodeTable.Batch08Part21
07013b03	Vsa.Sim.DecodeTable.Batch08Part21
07013c03	Dc.Mach.DecodeTable.Part11
07013d03	Dc.Mach.DecodeTable.Part11
0706e463	Dc.Mach.DecodeTable.Part11
071020ef	Dc.Mach.DecodeTable.Part11
07105263	Dc.Mach.DecodeTable.Part11
07113423	Vsa.Sim.DecodeTable.Batch08Part21
07113c23	Vsa.Sim.DecodeTable.Batch08Part21
07213823	Vsa.Sim.DecodeTable.Batch08Part22
07313423	Vsa.Sim.DecodeTable.Batch08Part22
07313c23	Vsa.Sim.DecodeTable.Batch08Part22
074020ef	Dc.Mach.DecodeTable.Part11
07413023	Vsa.Sim.DecodeTable.Batch08Part22
07413823	Vsa.Sim.DecodeTable.Batch08Part22
07500713	Dc.Mach.DecodeTable.Part11
07513423	Vsa.Sim.DecodeTable.Batch08Part23
07513c23	Vsa.Sim.DecodeTable.Batch08Part23
07613023	Vsa.Sim.DecodeTable.Batch08Part23
07613823	Vsa.Sim.DecodeTable.Batch08Part23
07713423	Vsa.Sim.DecodeTable.Batch08Part23
07713c23	Dc.Mach.DecodeTable.Part11
07778e63	Dc.Mach.DecodeTable.Part11
077ff717	Dc.Mach.DecodeTable.Part11
07813023	Dc.Mach.DecodeTable.Part11
07813083	Vsa.Sim.DecodeTable.Batch08Part24
07813483	Vsa.Sim.DecodeTable.Batch08Part24
07813823	Dc.Mach.DecodeTable.Part11
07813983	Vsa.Sim.DecodeTable.Batch08Part24
07813a83	Vsa.Sim.DecodeTable.Batch08Part25
07813b83	Dc.Mach.DecodeTable.Part11
07813c83	Dc.Mach.DecodeTable.Part11
07913423	Dc.Mach.DecodeTable.Part11
07913c23	Dc.Mach.DecodeTable.Part11
07a13023	Vsa.Sim.DecodeTable.Batch08Part25
07a13823	Dc.Mach.DecodeTable.Part11
07b13423	Dc.Mach.DecodeTable.Part11
07c020ef	Dc.Mach.DecodeTable.Part11
08000117	Dc.Mach.DecodeTable.Part11
08010113	Vsa.Sim.DecodeTable.Batch08Part27
08013403	Vsa.Sim.DecodeTable.Batch08Part27
08013903	Vsa.Sim.DecodeTable.Batch08Part28
08013a03	Vsa.Sim.DecodeTable.Batch08Part28
08013b03	Dc.Mach.DecodeTable.Part11
08013c03	Dc.Mach.DecodeTable.Part11
08040463	Dc.Mach.DecodeTable.Part11
08050263	Dc.Mach.DecodeTable.Part11
08050c63	Dc.Mach.DecodeTable.Part11
08051c63	Dc.Mach.DecodeTable.Part11
08052503	Dc.Mach.DecodeTable.Part11
08068063	Vsa.Sim.DecodeTable.Batch08Part29
08070063	Dc.Mach.DecodeTable.Part11
08070263	Vsa.Sim.DecodeTable.Batch08Part29
08078463	Dc.Mach.DecodeTable.Part11
08079063	Vsa.Sim.DecodeTable.Batch08Part30
0807ca63	Dc.Mach.DecodeTable.Part11
08088e63	Dc.Mach.DecodeTable.Part11
08113423	Vsa.Sim.DecodeTable.Batch08Part30
08113c23	Vsa.Sim.DecodeTable.Batch08Part31
08813023	Vsa.Sim.DecodeTable.Batch08Part31
08813083	Vsa.Sim.DecodeTable.Batch08Part31
08813483	Vsa.Sim.DecodeTable.Batch08Part32
08813823	Vsa.Sim.DecodeTable.Batch08Part32
08813983	Vsa.Sim.DecodeTable.Batch08Part32
08813a83	Dc.Mach.DecodeTable.Part11
08813b83	Dc.Mach.DecodeTable.Part11
08913423	Vsa.Sim.DecodeTable.Batch09Part01
08913c23	Vsa.Sim.DecodeTable.Batch09Part01
08f05863	Dc.Mach.DecodeTable.Part11
08f76063	Dc.Mach.DecodeTable.Part11
090010ef	Dc.Mach.DecodeTable.Part11
09010113	Vsa.Sim.DecodeTable.Batch09Part02
09013403	Vsa.Sim.DecodeTable.Batch09Part03
09013903	Vsa.Sim.DecodeTable.Batch09Part03
09013a03	Vsa.Sim.DecodeTable.Batch09Part03
09013b03	Dc.Mach.DecodeTable.Part11
09213023	Vsa.Sim.DecodeTable.Batch09Part04
09213823	Vsa.Sim.DecodeTable.Batch09Part04
09313423	Vsa.Sim.DecodeTable.Batch09Part04
09313c23	Dc.Mach.DecodeTable.Part11
09413023	Vsa.Sim.DecodeTable.Batch09Part04
09413823	Vsa.Sim.DecodeTable.Batch09Part05
0947a783	Dc.Mach.DecodeTable.Part11
095020ef	Dc.Mach.DecodeTable.Part11
09513423	Dc.Mach.DecodeTable.Part11
09513c23	Dc.Mach.DecodeTable.Part11
09613023	Dc.Mach.DecodeTable.Part11
09613823	Dc.Mach.DecodeTable.Part11
09713423	Dc.Mach.DecodeTable.Part11
098020ef	Dc.Mach.DecodeTable.Part11
09813023	Dc.Mach.DecodeTable.Part11
09813083	Vsa.Sim.DecodeTable.Batch09Part05
09813483	Vsa.Sim.DecodeTable.Batch09Part05
09813983	Dc.Mach.DecodeTable.Part11
09813a83	Dc.Mach.DecodeTable.Part11
098b8b93	Dc.Mach.DecodeTable.Part11
09c020ef	Dc.Mach.DecodeTable.Part11
0a010113	Vsa.Sim.DecodeTable.Batch09Part07
0a010513	Dc.Mach.DecodeTable.Part11
0a010613	Vsa.Sim.DecodeTable.Batch09Part07
0a013403	Vsa.Sim.DecodeTable.Batch09Part07
0a013583	Dc.Mach.DecodeTable.Part11
0a013903	Dc.Mach.DecodeTable.Part11
0a013a03	Dc.Mach.DecodeTable.Part11
0a040063	Dc.Mach.DecodeTable.Part11
0a048463	Dc.Mach.DecodeTable.Part11
0a04b483	Dc.Mach.DecodeTable.Part11
0a050513	Dc.Mach.DecodeTable.Part12
0a051c63	Dc.Mach.DecodeTable.Part12
0a060e63	Dc.Mach.DecodeTable.Part12
0a068663	Dc.Mach.DecodeTable.Part12
0a070463	Dc.Mach.DecodeTable.Part12
0a090863	Dc.Mach.DecodeTable.Part12
0a113423	Vsa.Sim.DecodeTable.Batch09Part09
0a113c23	Dc.Mach.DecodeTable.Part12
0a40006f	Dc.Mach.DecodeTable.Part12
0a558c63	Dc.Mach.DecodeTable.Part12
0a813023	Vsa.Sim.DecodeTable.Batch09Part10
0a813083	Vsa.Sim.DecodeTable.Batch09Part10
0a813483	Dc.Mach.DecodeTable.Part12
0a813823	Dc.Mach.DecodeTable.Part12
0a813983	Dc.Mach.DecodeTable.Part12
0a913423	Dc.Mach.DecodeTable.Part12
0a913c23	Dc.Mach.DecodeTable.Part12
0aa10023	Dc.Mach.DecodeTable.Part12
0aa13023	Dc.Mach.DecodeTable.Part12
0ab13423	Dc.Mach.DecodeTable.Part12
0ac020ef	Dc.Mach.DecodeTable.Part12
0ac68063	Dc.Mach.DecodeTable.Part12
0ad010ef	Dc.Mach.DecodeTable.Part12
0af10023	Dc.Mach.DecodeTable.Part12
0af40463	Dc.Mach.DecodeTable.Part12
0af72623	Dc.Mach.DecodeTable.Part12
0b0020ef	Dc.Mach.DecodeTable.Part12
0b010113	Vsa.Sim.DecodeTable.Batch09Part12
0b013403	Dc.Mach.DecodeTable.Part12
0b013903	Dc.Mach.DecodeTable.Part12
0b213023	Dc.Mach.DecodeTable.Part12
0b213823	Dc.Mach.DecodeTable.Part12
0b247c63	Dc.Mach.DecodeTable.Part12
0b313423	Dc.Mach.DecodeTable.Part12
0b413023	Dc.Mach.DecodeTable.Part12
0b650663	Dc.Mach.DecodeTable.Part12
0b748a63	Dc.Mach.DecodeTable.Part12
0b813083	Dc.Mach.DecodeTable.Part12
0b813483	Dc.Mach.DecodeTable.Part12
0bc0006f	Dc.Mach.DecodeTable.Part12
0bc010ef	Dc.Mach.DecodeTable.Part12
0c010113	Dc.Mach.DecodeTable.Part12
0c013403	Dc.Mach.DecodeTable.Part12
0c050a63	Dc.Mach.DecodeTable.Part12
0c058063	Dc.Mach.DecodeTable.Part12
0c060863	Dc.Mach.DecodeTable.Part12
0c06d263	Dc.Mach.DecodeTable.Part12
0c070a63	Dc.Mach.DecodeTable.Part12
0c078863	Dc.Mach.DecodeTable.Part12
0c078c63	Vsa.Sim.DecodeTable.Batch09Part17
0c098863	Dc.Mach.DecodeTable.Part12
0c1000ef	Dc.Mach.DecodeTable.Part12
0c113423	Dc.Mach.DecodeTable.Part12
0c50106f	Dc.Mach.DecodeTable.Part12
0c8010ef	Dc.Mach.DecodeTable.Part12
0c813023	Dc.Mach.DecodeTable.Part12
0c813083	Dc.Mach.DecodeTable.Part12
0c848263	Dc.Mach.DecodeTable.Part12
0cb05a63	Dc.Mach.DecodeTable.Part12
0cc68463	Dc.Mach.DecodeTable.Part12
0cccd837	Dc.Mach.DecodeTable.Part12
0cd070ef	Dc.Mach.DecodeTable.Part12
0cf05c63	Dc.Mach.DecodeTable.Part12
0cf50863	Dc.Mach.DecodeTable.Part12
0cf60e63	Dc.Mach.DecodeTable.Part12
0cf70e63	Dc.Mach.DecodeTable.Part12
0d0020ef	Dc.Mach.DecodeTable.Part12
0d010113	Dc.Mach.DecodeTable.Part12
0d368463	Dc.Mach.DecodeTable.Part12
0d40006f	Dc.Mach.DecodeTable.Part12
0d560e63	Dc.Mach.DecodeTable.Part12
0d605ae3	Dc.Mach.DecodeTable.Part12
0e0020ef	Dc.Mach.DecodeTable.Part12
0e061663	Dc.Mach.DecodeTable.Part12
0e068663	Dc.Mach.DecodeTable.Part12
0e070c63	Vsa.Sim.DecodeTable.Batch09Part23
0e072703	Dc.Mach.DecodeTable.Part12
0e078063	Dc.Mach.DecodeTable.Part12
0e079663	Dc.Mach.DecodeTable.Part12
0e080263	Dc.Mach.DecodeTable.Part12
0e0c0e63	Dc.Mach.DecodeTable.Part12
0e4020ef	Dc.Mach.DecodeTable.Part12
0e458593	Dc.Mach.DecodeTable.Part12
0e850513	Dc.Mach.DecodeTable.Part12
0e852503	Dc.Mach.DecodeTable.Part12
0ea7ca63	Dc.Mach.DecodeTable.Part12
0ef05e63	Dc.Mach.DecodeTable.Part12
0ef70063	Dc.Mach.DecodeTable.Part12
0efb8663	Dc.Mach.DecodeTable.Part12
0efb9463	Dc.Mach.DecodeTable.Part12
0efd0063	Dc.Mach.DecodeTable.Part12
0efd0463	Dc.Mach.DecodeTable.Part12
0f0020ef	Dc.Mach.DecodeTable.Part12
0f053503	Dc.Mach.DecodeTable.Part12
0f4020ef	Dc.Mach.DecodeTable.Part12
0f5d6863	Dc.Mach.DecodeTable.Part12
0f8010ef	Dc.Mach.DecodeTable.Part12
0f8020ef	Dc.Mach.DecodeTable.Part12
0fd6f693	Dc.Mach.DecodeTable.Part12
0ff47793	Dc.Mach.DecodeTable.Part12
0ff57513	Dc.Mach.DecodeTable.Part12
0ff57713	Dc.Mach.DecodeTable.Part12
0ff57793	Dc.Mach.DecodeTable.Part12
0ff5f593	Vsa.Sim.DecodeTable.Batch09Part28
0ff6f693	Vsa.Sim.DecodeTable.Batch09Part29
0ff7f793	Vsa.Sim.DecodeTable.Batch09Part29
1000006f	Dc.Mach.DecodeTable.Part12
10000593	Vsa.Sim.DecodeTable.Batch09Part29
10050263	Dc.Mach.DecodeTable.Part12
10050513	Dc.Mach.DecodeTable.Part12
10070e63	Dc.Mach.DecodeTable.Part13
10078793	Dc.Mach.DecodeTable.Part13
10078c63	Vsa.Sim.DecodeTable.Batch09Part30
10078e63	Dc.Mach.DecodeTable.Part13
10100693	Dc.Mach.DecodeTable.Part13
10100713	Vsa.Sim.DecodeTable.Batch17
10100793	Dc.Mach.DecodeTable.Part13
10100813	Dc.Mach.DecodeTable.Part13
10100893	Dc.Mach.DecodeTable.Part13
108010ef	Dc.Mach.DecodeTable.Part13
108020ef	Vsa.Sim.DecodeTable.Batch09Part31
10a90463	Dc.Mach.DecodeTable.Part13
10b68063	Dc.Mach.DecodeTable.Part13
10d00793	Dc.Mach.DecodeTable.Part13
10d56a63	Dc.Mach.DecodeTable.Part13
10e68e63	Dc.Mach.DecodeTable.Part13
10f68a63	Dc.Mach.DecodeTable.Part13
110020ef	Dc.Mach.DecodeTable.Part13
114020ef	Dc.Mach.DecodeTable.Part13
11568263	Dc.Mach.DecodeTable.Part13
118040ef	Dc.Mach.DecodeTable.Part13
11878663	Dc.Mach.DecodeTable.Part13
12040263	Dc.Mach.DecodeTable.Part13
12050c63	Vsa.Sim.DecodeTable.Batch10Part01
1205a583	Dc.Mach.DecodeTable.Part13
12070263	Dc.Mach.DecodeTable.Part13
12088e63	Dc.Mach.DecodeTable.Part13
128020ef	Dc.Mach.DecodeTable.Part13
12878793	Vsa.Sim.DecodeTable.Batch10Part02
12f05263	Dc.Mach.DecodeTable.Part13
12f68863	Dc.Mach.DecodeTable.Part13
13063603	Dc.Mach.DecodeTable.Part13
131010ef	Dc.Mach.DecodeTable.Part13
13450463	Dc.Mach.DecodeTable.Part13
13479a63	Dc.Mach.DecodeTable.Part13
137a7e63	Dc.Mach.DecodeTable.Part13
138000ef	Dc.Mach.DecodeTable.Part13
139020ef	Dc.Mach.DecodeTable.Part13
14070663	Dc.Mach.DecodeTable.Part13
140c0663	Dc.Mach.DecodeTable.Part13
14c5a583	Dc.Mach.DecodeTable.Part13
14f05663	Dc.Mach.DecodeTable.Part13
150020ef	Dc.Mach.DecodeTable.Part13
154030ef	Dc.Mach.DecodeTable.Part13
15450513	Dc.Mach.DecodeTable.Part13
15458593	Dc.Mach.DecodeTable.Part13
158030ef	Dc.Mach.DecodeTable.Part13
16072703	Dc.Mach.DecodeTable.Part13
160b1863	Dc.Mach.DecodeTable.Part13
16878a63	Dc.Mach.DecodeTable.Part13
16d010ef	Dc.Mach.DecodeTable.Part13
16d05e63	Dc.Mach.DecodeTable.Part13
17082803	Dc.Mach.DecodeTable.Part13
170e4463	Dc.Mach.DecodeTable.Part13
17578e63	Dc.Mach.DecodeTable.Part13
17678c63	Dc.Mach.DecodeTable.Part13
17853503	Dc.Mach.DecodeTable.Part13
17d030ef	Dc.Mach.DecodeTable.Part13
18050513	Dc.Mach.DecodeTable.Part13
18853503	Dc.Mach.DecodeTable.Part13
1887bc23	Dc.Mach.DecodeTable.Part13
1897a823	Dc.Mach.DecodeTable.Part13
18b6c063	Dc.Mach.DecodeTable.Part13
18d75063	Dc.Mach.DecodeTable.Part13
18e05063	Dc.Mach.DecodeTable.Part13
18e68463	Dc.Mach.DecodeTable.Part13
18e78663	Dc.Mach.DecodeTable.Part13
18f05663	Dc.Mach.DecodeTable.Part13
18f05e63	Dc.Mach.DecodeTable.Part13
18f75263	Dc.Mach.DecodeTable.Part13
190040ef	Dc.Mach.DecodeTable.Part13
191000ef	Dc.Mach.DecodeTable.Part13
1937ce63	Dc.Mach.DecodeTable.Part13
198010ef	Dc.Mach.DecodeTable.Part13
19850513	Dc.Mach.DecodeTable.Part13
1a0a0263	Dc.Mach.DecodeTable.Part13
1a0a0663	Dc.Mach.DecodeTable.Part13
1a878e63	Dc.Mach.DecodeTable.Part13
1ac020ef	Vsa.Sim.DecodeTable.Batch10Part12
1ad010ef	Dc.Mach.DecodeTable.Part13
1af71a63	Dc.Mach.DecodeTable.Part13
1b0020ef	Dc.Mach.DecodeTable.Part13
1b4000ef	Dc.Mach.DecodeTable.Part13
1b478263	Dc.Mach.DecodeTable.Part13
1bd030ef	Dc.Mach.DecodeTable.Part13
1c050c63	Dc.Mach.DecodeTable.Part13
1c053503	Dc.Mach.DecodeTable.Part13
1cf05a63	Dc.Mach.DecodeTable.Part13
1d4020ef	Dc.Mach.DecodeTable.Part13
1d47cc63	Dc.Mach.DecodeTable.Part13
1dc58463	Dc.Mach.DecodeTable.Part13
1e040663	Dc.Mach.DecodeTable.Part13
1e041663	Dc.Mach.DecodeTable.Part13
1e071263	Dc.Mach.DecodeTable.Part13
1e078e63	Dc.Mach.DecodeTable.Part13
1e079863	Dc.Mach.DecodeTable.Part13
1e9000ef	Dc.Mach.DecodeTable.Part13
1e9020ef	Dc.Mach.DecodeTable.Part13
1ef40a63	Dc.Mach.DecodeTable.Part13
1ef70863	Dc.Mach.DecodeTable.Part13
1ef73623	Dc.Mach.DecodeTable.Part13
1f850513	Dc.Mach.DecodeTable.Part13
20079a63	Dc.Mach.DecodeTable.Part13
2007b783	Dc.Mach.DecodeTable.Part13
204020ef	Dc.Mach.DecodeTable.Part13
205010ef	Dc.Mach.DecodeTable.Part13
20850513	Vsa.Sim.DecodeTable.Batch10Part20
20878e63	Dc.Mach.DecodeTable.Part14
209bf863	Dc.Mach.DecodeTable.Part14
218020ef	Dc.Mach.DecodeTable.Part14
218040ef	Dc.Mach.DecodeTable.Part14
219010ef	Dc.Mach.DecodeTable.Part14
22050063	Dc.Mach.DecodeTable.Part14
22070663	Dc.Mach.DecodeTable.Part14
22098e63	Dc.Mach.DecodeTable.Part14
221010ef	Dc.Mach.DecodeTable.Part14
22463603	Dc.Mach.DecodeTable.Part14
22850513	Dc.Mach.DecodeTable.Part14
22a7ee63	Dc.Mach.DecodeTable.Part14
22c070ef	Dc.Mach.DecodeTable.Part14
22d010ef	Dc.Mach.DecodeTable.Part14
22f58a63	Dc.Mach.DecodeTable.Part14
238020ef	Dc.Mach.DecodeTable.Part14
23c010ef	Dc.Mach.DecodeTable.Part14
23d010ef	Dc.Mach.DecodeTable.Part14
240020ef	Dc.Mach.DecodeTable.Part14
24070463	Dc.Mach.DecodeTable.Part14
24078863	Dc.Mach.DecodeTable.Part14
24079263	Dc.Mach.DecodeTable.Part14
24079463	Dc.Mach.DecodeTable.Part14
24098a63	Dc.Mach.DecodeTable.Part14
240a9463	Dc.Mach.DecodeTable.Part14
249b4863	Dc.Mach.DecodeTable.Part14
24c50513	Dc.Mach.DecodeTable.Part14
24cb8b93	Dc.Mach.DecodeTable.Part14
24f58c63	Dc.Mach.DecodeTable.Part14
24f73823	Dc.Mach.DecodeTable.Part14
255030ef	Dc.Mach.DecodeTable.Part14
2587d663	Dc.Mach.DecodeTable.Part14
25c010ef	Dc.Mach.DecodeTable.Part14
260020ef	Dc.Mach.DecodeTable.Part14
268020ef	Dc.Mach.DecodeTable.Part14
26873423	Dc.Mach.DecodeTable.Part14
26d020ef	Dc.Mach.DecodeTable.Part14
26d030ef	Dc.Mach.DecodeTable.Part14
26f40663	Dc.Mach.DecodeTable.Part14
26f6ca63	Dc.Mach.DecodeTable.Part14
270020ef	Dc.Mach.DecodeTable.Part14
2707b783	Dc.Mach.DecodeTable.Part14
280a0a13	Dc.Mach.DecodeTable.Part14
288010ef	Dc.Mach.DecodeTable.Part14
28c010ef	Dc.Mach.DecodeTable.Part14
290020ef	Dc.Mach.DecodeTable.Part14
29073703	Dc.Mach.DecodeTable.Part14
29c010ef	Vsa.Sim.DecodeTable.Batch10Part30
2a050463	Dc.Mach.DecodeTable.Part14
2a1010ef	Dc.Mach.DecodeTable.Part14
2af73a23	Dc.Mach.DecodeTable.Part14
2b80006f	Dc.Mach.DecodeTable.Part14
2bc010ef	Dc.Mach.DecodeTable.Part14
2c07a023	Dc.Mach.DecodeTable.Part14
2c473703	Dc.Mach.DecodeTable.Part14
2c5020ef	Dc.Mach.DecodeTable.Part14
2c8020ef	Dc.Mach.DecodeTable.Part14
2c8c0c13	Dc.Mach.DecodeTable.Part14
2c9000ef	Dc.Mach.DecodeTable.Part14
2caa6263	Dc.Mach.DecodeTable.Part14
2ce80863	Dc.Mach.DecodeTable.Part14
2cf05863	Dc.Mach.DecodeTable.Part14
2d4020ef	Dc.Mach.DecodeTable.Part14
2d87a783	Dc.Mach.DecodeTable.Part14
2dc020ef	Dc.Mach.DecodeTable.Part14
2e051263	Dc.Mach.DecodeTable.Part14
2e058593	Dc.Mach.DecodeTable.Part14
2e4010ef	Dc.Mach.DecodeTable.Part14
2e85b583	Dc.Mach.DecodeTable.Part14
2e90006f	Dc.Mach.DecodeTable.Part14
2f060863	Dc.Mach.DecodeTable.Part14
2f4020ef	Dc.Mach.DecodeTable.Part14
2f8010ef	Dc.Mach.DecodeTable.Part14
2f843403	Dc.Mach.DecodeTable.Part14
2fc010ef	Dc.Mach.DecodeTable.Part14
30078863	Dc.Mach.DecodeTable.Part14
300d0463	Dc.Mach.DecodeTable.Part14
30453503	Dc.Mach.DecodeTable.Part14
30e6c263	Dc.Mach.DecodeTable.Part14
315000ef	Vsa.Sim.DecodeTable.Batch11Part04
31850513	Dc.Mach.DecodeTable.Part14
31c50513	Dc.Mach.DecodeTable.Part14
32079a63	Dc.Mach.DecodeTable.Part14
3207a223	Dc.Mach.DecodeTable.Part14
32ca0c63	Dc.Mach.DecodeTable.Part14
32f05063	Dc.Mach.DecodeTable.Part14
32f58863	Dc.Mach.DecodeTable.Part14
32f70c63	Dc.Mach.DecodeTable.Part14
32f73423	Dc.Mach.DecodeTable.Part14
33063603	Dc.Mach.DecodeTable.Part14
334010ef	Dc.Mach.DecodeTable.Part14
33540463	Dc.Mach.DecodeTable.Part14
3367d463	Dc.Mach.DecodeTable.Part14
33873703	Dc.Mach.DecodeTable.Part14
339010ef	Dc.Mach.DecodeTable.Part14
33c020ef	Dc.Mach.DecodeTable.Part14
34078463	Dc.Mach.DecodeTable.Part14
34a7b823	Dc.Mach.DecodeTable.Part14
35878793	Dc.Mach.DecodeTable.Part14
368020ef	Dc.Mach.DecodeTable.Part14
36853503	Dc.Mach.DecodeTable.Part14
36c98663	Dc.Mach.DecodeTable.Part14
36f73a23	Dc.Mach.DecodeTable.Part15
3747aa23	Dc.Mach.DecodeTable.Part15
38453503	Dc.Mach.DecodeTable.Part15
388020ef	Dc.Mach.DecodeTable.Part15
38c010ef	Dc.Mach.DecodeTable.Part15
38c020ef	Dc.Mach.DecodeTable.Part15
38f58e63	Dc.Mach.DecodeTable.Part15
3940206f	Dc.Mach.DecodeTable.Part15
39c53503	Dc.Mach.DecodeTable.Part15
39d010ef	Dc.Mach.DecodeTable.Part15
3a050c63	Dc.Mach.DecodeTable.Part15
3a053503	Dc.Mach.DecodeTable.Part15
3a070713	Dc.Mach.DecodeTable.Part15
3a490913	Dc.Mach.DecodeTable.Part15
3a5020ef	Dc.Mach.DecodeTable.Part15
3ac010ef	Dc.Mach.DecodeTable.Part15
3ae78863	Dc.Mach.DecodeTable.Part15
3b053503	Dc.Mach.DecodeTable.Part15
3b40006f	Dc.Mach.DecodeTable.Part15
3b87b783	Dc.Mach.DecodeTable.Part15
3c460613	Dc.Mach.DecodeTable.Part15
3c9010ef	Dc.Mach.DecodeTable.Part15
3cf05e63	Dc.Mach.DecodeTable.Part15
3cf40863	Dc.Mach.DecodeTable.Part15
3d0020ef	Dc.Mach.DecodeTable.Part15
3d07b783	Dc.Mach.DecodeTable.Part15
3d4010ef	Dc.Mach.DecodeTable.Part15
3d4030ef	Dc.Mach.DecodeTable.Part15
3d9010ef	Dc.Mach.DecodeTable.Part15
3dd010ef	Dc.Mach.DecodeTable.Part15
3e078663	Dc.Mach.DecodeTable.Part15
3e078e63	Dc.Mach.DecodeTable.Part15
3e5020ef	Dc.Mach.DecodeTable.Part15
3e9030ef	Dc.Mach.DecodeTable.Part15
3eb05663	Dc.Mach.DecodeTable.Part15
3f0010ef	Dc.Mach.DecodeTable.Part15
40078263	Dc.Mach.DecodeTable.Part15
4014541b	Vsa.Sim.DecodeTable.Batch11Part18
4027d79b	Dc.Mach.DecodeTable.Part15
405010ef	Dc.Mach.DecodeTable.Part15
406787bb	Dc.Mach.DecodeTable.Part15
406887bb	Dc.Mach.DecodeTable.Part15
40848633	Dc.Mach.DecodeTable.Part15
408585b3	Dc.Mach.DecodeTable.Part15
4086073b	Dc.Mach.DecodeTable.Part15
408686b3	Dc.Mach.DecodeTable.Part15
408787bb	Dc.Mach.DecodeTable.Part15
40880433	Dc.Mach.DecodeTable.Part15
40880e33	Dc.Mach.DecodeTable.Part15
408888bb	Dc.Mach.DecodeTable.Part15
4089883b	Dc.Mach.DecodeTable.Part15
408a07bb	Dc.Mach.DecodeTable.Part15
408a0a33	Dc.Mach.DecodeTable.Part15
408a87bb	Dc.Mach.DecodeTable.Part15
408a8ab3	Dc.Mach.DecodeTable.Part15
408b87bb	Dc.Mach.DecodeTable.Part15
40950933	Dc.Mach.DecodeTable.Part15
409787bb	Dc.Mach.DecodeTable.Part15
40a00433	Dc.Mach.DecodeTable.Part15
40a00533	Vsa.Sim.DecodeTable.Batch11Part19
40a40433	Dc.Mach.DecodeTable.Part15
40a70533	Dc.Mach.DecodeTable.Part15
40a70733	Vsa.Sim.DecodeTable.Batch11Part20
40a787bb	Vsa.Sim.DecodeTable.Batch11Part20
40aa0a3b	Dc.Mach.DecodeTable.Part15
40ab85bb	Dc.Mach.DecodeTable.Part15
40b0043b	Dc.Mach.DecodeTable.Part15
40b00533	Vsa.Sim.DecodeTable.Batch11Part21
40b005b3	Vsa.Sim.DecodeTable.Batch11Part21
40b686b3	Dc.Mach.DecodeTable.Part15
40b7073b	Vsa.Sim.DecodeTable.Batch11Part21
40c0063b	Vsa.Sim.DecodeTable.Batch11Part21
40c585b3	Vsa.Sim.DecodeTable.Batch11Part22
40c7b783	Dc.Mach.DecodeTable.Part15
40d50533	Vsa.Sim.DecodeTable.Batch11Part22
40d585b3	Dc.Mach.DecodeTable.Part15
40d60633	Vsa.Sim.DecodeTable.Batch11Part22
40d70733	Dc.Mach.DecodeTable.Part15
40d7073b	Vsa.Sim.DecodeTable.Batch11Part22
40d787b3	Dc.Mach.DecodeTable.Part15
40d78833	Dc.Mach.DecodeTable.Part15
40e6073b	Dc.Mach.DecodeTable.Part15
40e68e3b	Dc.Mach.DecodeTable.Part15
40e787bb	Vsa.Sim.DecodeTable.Batch11Part24
40ea8a3b	Dc.Mach.DecodeTable.Part15
40f005b3	Dc.Mach.DecodeTable.Part15
40f007b3	Dc.Mach.DecodeTable.Part15
40f05663	Dc.Mach.DecodeTable.Part15
40f688b3	Dc.Mach.DecodeTable.Part15
40f707b3	Dc.Mach.DecodeTable.Part15
40f80833	Dc.Mach.DecodeTable.Part15
40f888b3	Dc.Mach.DecodeTable.Part15
40fa07b3	Dc.Mach.DecodeTable.Part15
40fc0c3b	Dc.Mach.DecodeTable.Part15
40fc8cb3	Dc.Mach.DecodeTable.Part15
410020ef	Dc.Mach.DecodeTable.Part15
4113073b	Dc.Mach.DecodeTable.Part15
4116063b	Dc.Mach.DecodeTable.Part15
411686b3	Vsa.Sim.DecodeTable.Batch11Part27
411787b3	Dc.Mach.DecodeTable.Part15
41180833	Dc.Mach.DecodeTable.Part15
41240433	Dc.Mach.DecodeTable.Part15
41248db3	Dc.Mach.DecodeTable.Part15
4137873b	Dc.Mach.DecodeTable.Part15
413787bb	Vsa.Sim.DecodeTable.Batch11Part28
414484bb	Dc.Mach.DecodeTable.Part15
41453503	Dc.Mach.DecodeTable.Part15
4147c863	Dc.Mach.DecodeTable.Part15
41540db3	Dc.Mach.DecodeTable.Part15
4156053b	Dc.Mach.DecodeTable.Part15
4156073b	Dc.Mach.DecodeTable.Part15
415787bb	Vsa.Sim.DecodeTable.Batch11Part29
415b06b3	Dc.Mach.DecodeTable.Part15
4167073b	Vsa.Sim.DecodeTable.Batch11Part29
41748633	Dc.Mach.DecodeTable.Part15
4176063b	Dc.Mach.DecodeTable.Part15
417a0d3b	Dc.Mach.DecodeTable.Part15
418000ef	Dc.Mach.DecodeTable.Part16
4185551b	Dc.Mach.DecodeTable.Part16
4185d59b	Dc.Mach.DecodeTable.Part16
4186d69b	Dc.Mach.DecodeTable.Part16
418787bb	Dc.Mach.DecodeTable.Part16
41a686b3	Vsa.Sim.DecodeTable.Batch11Part31
41c585b3	Dc.Mach.DecodeTable.Part16
41c686b3	Dc.Mach.DecodeTable.Part16
41c80833	Dc.Mach.DecodeTable.Part16
41f5571b	Dc.Mach.DecodeTable.Part16
41f8579b	Dc.Mach.DecodeTable.Part16
420020ef	Dc.Mach.DecodeTable.Part16
42078a63	Dc.Mach.DecodeTable.Part16
42079063	Vsa.Sim.DecodeTable.Batch12Part01
42947a63	Dc.Mach.DecodeTable.Part16
42a73423	Dc.Mach.DecodeTable.Part16
42cb8263	Dc.Mach.DecodeTable.Part16
42e78a63	Dc.Mach.DecodeTable.Part16
42f70463	Dc.Mach.DecodeTable.Part16
430040ef	Dc.Mach.DecodeTable.Part16
43453503	Dc.Mach.DecodeTable.Part16
43f7d793	Dc.Mach.DecodeTable.Part16
444030ef	Dc.Mach.DecodeTable.Part16
44452503	Dc.Mach.DecodeTable.Part16
449000ef	Vsa.Sim.DecodeTable.Batch12Part04
44a73623	Dc.Mach.DecodeTable.Part16
44ca8c63	Dc.Mach.DecodeTable.Part16
44f58c63	Dc.Mach.DecodeTable.Part16
455010ef	Dc.Mach.DecodeTable.Part16
46a7b623	Dc.Mach.DecodeTable.Part16
46e6be23	Dc.Mach.DecodeTable.Part16
479020ef	Dc.Mach.DecodeTable.Part16
48c6b683	Dc.Mach.DecodeTable.Part16
48e6be23	Dc.Mach.DecodeTable.Part16
491020ef	Dc.Mach.DecodeTable.Part16
4a060463	Dc.Mach.DecodeTable.Part16
4a80006f	Dc.Mach.DecodeTable.Part16
4ac78793	Dc.Mach.DecodeTable.Part16
4af58063	Dc.Mach.DecodeTable.Part16
4af70c63	Dc.Mach.DecodeTable.Part16
4b4030ef	Dc.Mach.DecodeTable.Part16
4b86b683	Dc.Mach.DecodeTable.Part16
4b9030ef	Dc.Mach.DecodeTable.Part16
4c0a8a63	Dc.Mach.DecodeTable.Part16
4c5000ef	Dc.Mach.DecodeTable.Part16
4c8020ef	Dc.Mach.DecodeTable.Part16
4c8040ef	Dc.Mach.DecodeTable.Part16
4cc000ef	Dc.Mach.DecodeTable.Part16
4cf58863	Dc.Mach.DecodeTable.Part16
4cf90263	Dc.Mach.DecodeTable.Part16
4d053503	Dc.Mach.DecodeTable.Part16
4d078793	Dc.Mach.DecodeTable.Part16
4e0020ef	Dc.Mach.DecodeTable.Part16
4e0d0863	Dc.Mach.DecodeTable.Part16
4e9010ef	Dc.Mach.DecodeTable.Part16
4e9020ef	Dc.Mach.DecodeTable.Part16
4ec43403	Dc.Mach.DecodeTable.Part16
4ec53503	Dc.Mach.DecodeTable.Part16
4ef58e63	Dc.Mach.DecodeTable.Part16
4fc50513	Dc.Mach.DecodeTable.Part16
500010ef	Dc.Mach.DecodeTable.Part16
50050c63	Dc.Mach.DecodeTable.Part16
50079a63	Dc.Mach.DecodeTable.Part16
501010ef	Dc.Mach.DecodeTable.Part16
51018193	Dc.Mach.DecodeTable.Part16
511d8c63	Dc.Mach.DecodeTable.Part16
514010ef	Vsa.Sim.DecodeTable.Batch12Part15
515010ef	Dc.Mach.DecodeTable.Part16
52068a63	Dc.Mach.DecodeTable.Part16
52078463	Dc.Mach.DecodeTable.Part16
5210106f	Dc.Mach.DecodeTable.Part16
529010ef	Dc.Mach.DecodeTable.Part16
52c7b783	Dc.Mach.DecodeTable.Part16
52d010ef	Dc.Mach.DecodeTable.Part16
52f58463	Dc.Mach.DecodeTable.Part16
534020ef	Dc.Mach.DecodeTable.Part16
53443403	Dc.Mach.DecodeTable.Part16
53d030ef	Dc.Mach.DecodeTable.Part16
54051263	Dc.Mach.DecodeTable.Part16
541010ef	Dc.Mach.DecodeTable.Part16
545010ef	Dc.Mach.DecodeTable.Part16
548ade63	Dc.Mach.DecodeTable.Part16
54c020ef	Dc.Mach.DecodeTable.Part16
54d010ef	Dc.Mach.DecodeTable.Part16
54f05063	Dc.Mach.DecodeTable.Part16
550030ef	Dc.Mach.DecodeTable.Part16
551c0663	Dc.Mach.DecodeTable.Part16
555010ef	Dc.Mach.DecodeTable.Part16
558020ef	Dc.Mach.DecodeTable.Part16
56f70263	Dc.Mach.DecodeTable.Part16
56f72023	Dc.Mach.DecodeTable.Part16
5707a783	Dc.Mach.DecodeTable.Part16
5787b783	Dc.Mach.DecodeTable.Part16
57a05c63	Dc.Mach.DecodeTable.Part16
58050263	Dc.Mach.DecodeTable.Part16
588a4263	Dc.Mach.DecodeTable.Part16
58f70863	Dc.Mach.DecodeTable.Part16
5940006f	Dc.Mach.DecodeTable.Part16
5a073703	Dc.Mach.DecodeTable.Part16
5a843403	Dc.Mach.DecodeTable.Part16
5b5020ef	Dc.Mach.DecodeTable.Part16
5b830313	Dc.Mach.DecodeTable.Part16
5b853503	Dc.Mach.DecodeTable.Part16
5b87b783	Dc.Mach.DecodeTable.Part16
5c5000ef	Dc.Mach.DecodeTable.Part17
5c853503	Dc.Mach.DecodeTable.Part17
5cd010ef	Dc.Mach.DecodeTable.Part17
5ce7be23	Dc.Mach.DecodeTable.Part17
5cf05663	Dc.Mach.DecodeTable.Part17
5cf73223	Dc.Mach.DecodeTable.Part17
5d050513	Dc.Mach.DecodeTable.Part17
5d1020ef	Dc.Mach.DecodeTable.Part17
5dd020ef	Dc.Mach.DecodeTable.Part17
5e450513	Dc.Mach.DecodeTable.Part17
5ec020ef	Dc.Mach.DecodeTable.Part17
5f273423	Dc.Mach.DecodeTable.Part17
5f4020ef	Dc.Mach.DecodeTable.Part17
5f87b783	Dc.Mach.DecodeTable.Part17
5f9010ef	Dc.Mach.DecodeTable.Part17
5fc50513	Dc.Mach.DecodeTable.Part17
60050063	Dc.Mach.DecodeTable.Part17
600b8b93	Dc.Mach.DecodeTable.Part17
60453503	Dc.Mach.DecodeTable.Part17
605020ef	Dc.Mach.DecodeTable.Part17
60d010ef	Dc.Mach.DecodeTable.Part17
60d030ef	Dc.Mach.DecodeTable.Part17
60e5ba23	Dc.Mach.DecodeTable.Part17
619020ef	Dc.Mach.DecodeTable.Part17
61d010ef	Dc.Mach.DecodeTable.Part17
620020ef	Dc.Mach.DecodeTable.Part17
62058593	Dc.Mach.DecodeTable.Part17
62843403	Dc.Mach.DecodeTable.Part17
62c7b783	Dc.Mach.DecodeTable.Part17
62e5b823	Dc.Mach.DecodeTable.Part17
6305b583	Dc.Mach.DecodeTable.Part17
631010ef	Dc.Mach.DecodeTable.Part17
63473223	Dc.Mach.DecodeTable.Part17
63c63603	Dc.Mach.DecodeTable.Part17
64070713	Dc.Mach.DecodeTable.Part17
649020ef	Dc.Mach.DecodeTable.Part17
655010ef	Dc.Mach.DecodeTable.Part17
664020ef	Dc.Mach.DecodeTable.Part17
668020ef	Dc.Mach.DecodeTable.Part17
668a0a13	Dc.Mach.DecodeTable.Part17
67058593	Dc.Mach.DecodeTable.Part17
67450513	Dc.Mach.DecodeTable.Part17
675a4463	Dc.Mach.DecodeTable.Part17
67c53503	Dc.Mach.DecodeTable.Part17
67c60613	Dc.Mach.DecodeTable.Part17
67d010ef	Dc.Mach.DecodeTable.Part17
684020ef	Dc.Mach.DecodeTable.Part17
68d000ef	Dc.Mach.DecodeTable.Part17
68f05e63	Dc.Mach.DecodeTable.Part17
691010ef	Dc.Mach.DecodeTable.Part17
6a00006f	Dc.Mach.DecodeTable.Part17
6a8010ef	Dc.Mach.DecodeTable.Part17
6af73a23	Dc.Mach.DecodeTable.Part17
6bc53503	Dc.Mach.DecodeTable.Part17
6c0020ef	Vsa.Sim.DecodeTable.Batch12Part29
6c070713	Dc.Mach.DecodeTable.Part17
6c1000ef	Dc.Mach.DecodeTable.Part17
6c858593	Dc.Mach.DecodeTable.Part17
6c860613	Dc.Mach.DecodeTable.Part17
6c9010ef	Dc.Mach.DecodeTable.Part17
6cc58593	Dc.Mach.DecodeTable.Part17
6cf58a63	Dc.Mach.DecodeTable.Part17
6d05a583	Dc.Mach.DecodeTable.Part17
6d063603	Dc.Mach.DecodeTable.Part17
6d07a783	Dc.Mach.DecodeTable.Part17
6d443403	Dc.Mach.DecodeTable.Part17
6d47b783	Dc.Mach.DecodeTable.Part17
6d8020ef	Dc.Mach.DecodeTable.Part17
6e87ba23	Dc.Mach.DecodeTable.Part17
6ec020ef	Dc.Mach.DecodeTable.Part17
6ec72703	Dc.Mach.DecodeTable.Part17
6ed010ef	Dc.Mach.DecodeTable.Part17
6ef73223	Dc.Mach.DecodeTable.Part17
6f5010ef	Dc.Mach.DecodeTable.Part17
6fd010ef	Dc.Mach.DecodeTable.Part17
7010106f	Dc.Mach.DecodeTable.Part17
704010ef	Dc.Mach.DecodeTable.Part17
705000ef	Dc.Mach.DecodeTable.Part17
708010ef	Dc.Mach.DecodeTable.Part17
709010ef	Dc.Mach.DecodeTable.Part17
70d020ef	Dc.Mach.DecodeTable.Part17
70f73823	Dc.Mach.DecodeTable.Part17
714010ef	Dc.Mach.DecodeTable.Part17
718020ef	Dc.Mach.DecodeTable.Part17
719020ef	Dc.Mach.DecodeTable.Part17
721010ef	Dc.Mach.DecodeTable.Part17
728020ef	Dc.Mach.DecodeTable.Part17
72c50513	Dc.Mach.DecodeTable.Part17
72f73023	Dc.Mach.DecodeTable.Part17
72f73e23	Dc.Mach.DecodeTable.Part17
730000ef	Dc.Mach.DecodeTable.Part17
730020ef	Dc.Mach.DecodeTable.Part17
731010ef	Dc.Mach.DecodeTable.Part17
735020ef	Dc.Mach.DecodeTable.Part17
745030ef	Dc.Mach.DecodeTable.Part17
750000ef	Dc.Mach.DecodeTable.Part17
750010ef	Dc.Mach.DecodeTable.Part17
75043403	Dc.Mach.DecodeTable.Part17
75063603	Dc.Mach.DecodeTable.Part17
75870713	Dc.Mach.DecodeTable.Part17
76078663	Dc.Mach.DecodeTable.Part17
76c58593	Dc.Mach.DecodeTable.Part18
76c80813	Dc.Mach.DecodeTable.Part18
76e6be23	Dc.Mach.DecodeTable.Part18
770020ef	Dc.Mach.DecodeTable.Part18
771000ef	Dc.Mach.DecodeTable.Part18
77d000ef	Dc.Mach.DecodeTable.Part18
78070863	Dc.Mach.DecodeTable.Part18
78c90913	Dc.Mach.DecodeTable.Part18
78e78263	Dc.Mach.DecodeTable.Part18
791000ef	Dc.Mach.DecodeTable.Part18
7ad000ef	Dc.Mach.DecodeTable.Part18
7ae78663	Dc.Mach.DecodeTable.Part18
7b0c0c13	Dc.Mach.DecodeTable.Part18
7b4010ef	Dc.Mach.DecodeTable.Part18
7b4020ef	Dc.Mach.DecodeTable.Part18
7bc020ef	Dc.Mach.DecodeTable.Part18
7c098a63	Dc.Mach.DecodeTable.Part18
7cc50513	Dc.Mach.DecodeTable.Part18
7ce6b423	Dc.Mach.DecodeTable.Part18
7d5010ef	Dc.Mach.DecodeTable.Part18
7dd010ef	Dc.Mach.DecodeTable.Part18
7e000513	Dc.Mach.DecodeTable.Part18
7e1010ef	Dc.Mach.DecodeTable.Part18
7e9010ef	Dc.Mach.DecodeTable.Part18
7e9030ef	Dc.Mach.DecodeTable.Part18
7ec63603	Dc.Mach.DecodeTable.Part18
7f0c8c93	Dc.Mach.DecodeTable.Part18
7ff58593	Dc.Mach.DecodeTable.Part18
80863603	Dc.Mach.DecodeTable.Part18
808ff0ef	Vsa.Sim.DecodeTable.Batch13Part10
809fb0ef	Dc.Mach.DecodeTable.Part18
80c58593	Dc.Mach.DecodeTable.Part18
80c63603	Dc.Mach.DecodeTable.Part18
8106b683	Dc.Mach.DecodeTable.Part18
81463603	Dc.Mach.DecodeTable.Part18
81dfe0ef	Dc.Mach.DecodeTable.Part18
825ff06f	Dc.Mach.DecodeTable.Part18
82850513	Dc.Mach.DecodeTable.Part18
828ff0ef	Dc.Mach.DecodeTable.Part18
82c58593	Dc.Mach.DecodeTable.Part18
82cfe0ef	Dc.Mach.DecodeTable.Part18
82d63e23	Dc.Mach.DecodeTable.Part18
830fd06f	Dc.Mach.DecodeTable.Part18
831fb0ef	Dc.Mach.DecodeTable.Part18
834ff0ef	Dc.Mach.DecodeTable.Part18
838fd0ef	Dc.Mach.DecodeTable.Part18
838ff0ef	Dc.Mach.DecodeTable.Part18
839ff0ef	Dc.Mach.DecodeTable.Part18
83caba83	Dc.Mach.DecodeTable.Part18
840fd0ef	Dc.Mach.DecodeTable.Part18
845fe0ef	Dc.Mach.DecodeTable.Part18
851ff06f	Dc.Mach.DecodeTable.Part18
860ff0ef	Dc.Mach.DecodeTable.Part18
86450513	Dc.Mach.DecodeTable.Part18
865ff06f	Dc.Mach.DecodeTable.Part18
869fd0ef	Dc.Mach.DecodeTable.Part18
86dfe0ef	Vsa.Sim.DecodeTable.Batch13Part12
86dff06f	Dc.Mach.DecodeTable.Part18
87858593	Dc.Mach.DecodeTable.Part18
8787b783	Dc.Mach.DecodeTable.Part18
879fe0ef	Dc.Mach.DecodeTable.Part18
87cfe0ef	Dc.Mach.DecodeTable.Part18
881fe06f	Dc.Mach.DecodeTable.Part18
884ff0ef	Dc.Mach.DecodeTable.Part18
885ff06f	Dc.Mach.DecodeTable.Part18
88858593	Dc.Mach.DecodeTable.Part18
88c7a783	Dc.Mach.DecodeTable.Part18
89473623	Dc.Mach.DecodeTable.Part18
8947b783	Dc.Mach.DecodeTable.Part18
895fe06f	Dc.Mach.DecodeTable.Part18
895ff06f	Dc.Mach.DecodeTable.Part18
89dfd0ef	Dc.Mach.DecodeTable.Part18
89dfe0ef	Dc.Mach.DecodeTable.Part18
8a058593	Dc.Mach.DecodeTable.Part18
8a463603	Dc.Mach.DecodeTable.Part18
8a5ff06f	Dc.Mach.DecodeTable.Part18
8a9fd0ef	Dc.Mach.DecodeTable.Part18
8acfe0ef	Dc.Mach.DecodeTable.Part18
8c1fc06f	Dc.Mach.DecodeTable.Part18
8c458593	Dc.Mach.DecodeTable.Part18
8c9ff0ef	Dc.Mach.DecodeTable.Part18
8cc63603	Dc.Mach.DecodeTable.Part18
8ccfe0ef	Dc.Mach.DecodeTable.Part18
8d1fb0ef	Dc.Mach.DecodeTable.Part18
8d1fe06f	Dc.Mach.DecodeTable.Part18
8d463603	Dc.Mach.DecodeTable.Part18
8d9fe0ef	Dc.Mach.DecodeTable.Part18
8e07a223	Dc.Mach.DecodeTable.Part18
8e1fe0ef	Dc.Mach.DecodeTable.Part18
8e5fe0ef	Dc.Mach.DecodeTable.Part18
8e5ff0ef	Dc.Mach.DecodeTable.Part18
8e8ff0ef	Dc.Mach.DecodeTable.Part18
8edff06f	Dc.Mach.DecodeTable.Part18
8edff0ef	Dc.Mach.DecodeTable.Part18
8f870713	Dc.Mach.DecodeTable.Part18
8f8fe0ef	Dc.Mach.DecodeTable.Part18
8f9fc06f	Dc.Mach.DecodeTable.Part18
8f9ff0ef	Dc.Mach.DecodeTable.Part18
8fcff0ef	Dc.Mach.DecodeTable.Part18
90463603	Dc.Mach.DecodeTable.Part18
905ff0ef	Vsa.Sim.DecodeTable.Batch13Part17
908fe0ef	Dc.Mach.DecodeTable.Part18
909ff06f	Dc.Mach.DecodeTable.Part18
90cff0ef	Dc.Mach.DecodeTable.Part19
90f6ba23	Dc.Mach.DecodeTable.Part19
915fe0ef	Dc.Mach.DecodeTable.Part19
91cfc0ef	Dc.Mach.DecodeTable.Part19
920512e3	Dc.Mach.DecodeTable.Part19
928ff0ef	Dc.Mach.DecodeTable.Part19
92f72c23	Dc.Mach.DecodeTable.Part19
93c53503	Dc.Mach.DecodeTable.Part19
93c7b783	Dc.Mach.DecodeTable.Part19
93dff06f	Dc.Mach.DecodeTable.Part19
94058593	Dc.Mach.DecodeTable.Part19
940fd0ef	Dc.Mach.DecodeTable.Part19
94458593	Dc.Mach.DecodeTable.Part19
944ff0ef	Dc.Mach.DecodeTable.Part19
94852503	Dc.Mach.DecodeTable.Part19
94858593	Dc.Mach.DecodeTable.Part19
949fa0ef	Dc.Mach.DecodeTable.Part19
949fe0ef	Vsa.Sim.DecodeTable.Batch13Part20
94cb0b13	Dc.Mach.DecodeTable.Part19
94cfe0ef	Dc.Mach.DecodeTable.Part19
94cff0ef	Dc.Mach.DecodeTable.Part19
950ff0ef	Dc.Mach.DecodeTable.Part19
951ff0ef	Dc.Mach.DecodeTable.Part19
95863603	Dc.Mach.DecodeTable.Part19
959fe0ef	Dc.Mach.DecodeTable.Part19
95cff0ef	Dc.Mach.DecodeTable.Part19
95dff0ef	Dc.Mach.DecodeTable.Part19
960fb0ef	Dc.Mach.DecodeTable.Part19
961fe0ef	Dc.Mach.DecodeTable.Part19
961ff06f	Dc.Mach.DecodeTable.Part19
965fe0ef	Dc.Mach.DecodeTable.Part19
96f72a23	Dc.Mach.DecodeTable.Part19
979ff0ef	Dc.Mach.DecodeTable.Part19
97dff06f	Dc.Mach.DecodeTable.Part19
980516e3	Dc.Mach.DecodeTable.Part19
98060613	Dc.Mach.DecodeTable.Part19
981fe0ef	Dc.Mach.DecodeTable.Part19
985ff06f	Dc.Mach.DecodeTable.Part19
989ff06f	Dc.Mach.DecodeTable.Part19
99873a23	Dc.Mach.DecodeTable.Part19
99873e23	Dc.Mach.DecodeTable.Part19
999fe0ef	Dc.Mach.DecodeTable.Part19
999ff06f	Dc.Mach.DecodeTable.Part19
99c80813	Dc.Mach.DecodeTable.Part19
9a07b783	Dc.Mach.DecodeTable.Part19
9a1fd0ef	Dc.Mach.DecodeTable.Part19
9a47b783	Dc.Mach.DecodeTable.Part19
9adff06f	Vsa.Sim.DecodeTable.Batch13Part23
9b1ff0ef	Dc.Mach.DecodeTable.Part19
9b8fe0ef	Dc.Mach.DecodeTable.Part19
9b9ff06f	Vsa.Sim.DecodeTable.Batch13Part23
9bdfa0ef	Dc.Mach.DecodeTable.Part19
9bdff06f	Dc.Mach.DecodeTable.Part19
9c090913	Dc.Mach.DecodeTable.Part19
9c450513	Dc.Mach.DecodeTable.Part19
9c853503	Dc.Mach.DecodeTable.Part19
9c873823	Dc.Mach.DecodeTable.Part19
9c8fe0ef	Dc.Mach.DecodeTable.Part19
9cc50513	Dc.Mach.DecodeTable.Part19
9d050513	Dc.Mach.DecodeTable.Part19
9d47b783	Dc.Mach.DecodeTable.Part19
9d4ff0ef	Dc.Mach.DecodeTable.Part19
9d87b783	Dc.Mach.DecodeTable.Part19
9d8ff0ef	Vsa.Sim.DecodeTable.Batch13Part24
9d9fe0ef	Dc.Mach.DecodeTable.Part19
9d9ff06f	Dc.Mach.DecodeTable.Part19
9da73623	Dc.Mach.DecodeTable.Part19
9e080813	Dc.Mach.DecodeTable.Part19
9e5fe0ef	Dc.Mach.DecodeTable.Part19
9e8fd06f	Dc.Mach.DecodeTable.Part19
9f5ff06f	Dc.Mach.DecodeTable.Part19
9f863603	Dc.Mach.DecodeTable.Part19
a005c6e3	Dc.Mach.DecodeTable.Part19
a00ff0ef	Dc.Mach.DecodeTable.Part19
a01ff06f	Dc.Mach.DecodeTable.Part19
a04fd06f	Dc.Mach.DecodeTable.Part19
a05fa0ef	Dc.Mach.DecodeTable.Part19
a05ff0ef	Dc.Mach.DecodeTable.Part19
a087b783	Dc.Mach.DecodeTable.Part19
a08fe0ef	Dc.Mach.DecodeTable.Part19
a08ff0ef	Dc.Mach.DecodeTable.Part19
a09fd0ef	Dc.Mach.DecodeTable.Part19
a09fe0ef	Dc.Mach.DecodeTable.Part19
a0cff0ef	Vsa.Sim.DecodeTable.Batch13Part26
a0d73e23	Dc.Mach.DecodeTable.Part19
a11ff06f	Vsa.Sim.DecodeTable.Batch13Part26
a1373023	Dc.Mach.DecodeTable.Part19
a1dfe0ef	Dc.Mach.DecodeTable.Part19
a1dff0ef	Dc.Mach.DecodeTable.Part19
a20510e3	Dc.Mach.DecodeTable.Part19
a21fe0ef	Dc.Mach.DecodeTable.Part19
a2dff06f	Dc.Mach.DecodeTable.Part19
a3463603	Dc.Mach.DecodeTable.Part19
a34fd0ef	Dc.Mach.DecodeTable.Part19
a34fe0ef	Dc.Mach.DecodeTable.Part19
a3673a23	Dc.Mach.DecodeTable.Part19
a3858593	Dc.Mach.DecodeTable.Part19
a3c7b783	Dc.Mach.DecodeTable.Part19
a41fd0ef	Dc.Mach.DecodeTable.Part19
a45ff06f	Vsa.Sim.DecodeTable.Batch13Part28
a4cfe0ef	Dc.Mach.DecodeTable.Part19
a4dfe0ef	Dc.Mach.DecodeTable.Part19
a4e6be23	Dc.Mach.DecodeTable.Part19
a5063603	Dc.Mach.DecodeTable.Part19
a50b0b13	Dc.Mach.DecodeTable.Part19
a50c3c03	Dc.Mach.DecodeTable.Part19
a51fe0ef	Dc.Mach.DecodeTable.Part19
a5450513	Dc.Mach.DecodeTable.Part20
a5458593	Dc.Mach.DecodeTable.Part20
a55ff06f	Vsa.Sim.DecodeTable.Batch13Part28
a58fa0ef	Dc.Mach.DecodeTable.Part20
a5dfe0ef	Dc.Mach.DecodeTable.Part20
a60994e3	Dc.Mach.DecodeTable.Part20
a65fe0ef	Dc.Mach.DecodeTable.Part20
a6850513	Dc.Mach.DecodeTable.Part20
a6873423	Dc.Mach.DecodeTable.Part20
a69fe0ef	Dc.Mach.DecodeTable.Part20
a6a7a623	Dc.Mach.DecodeTable.Part20
a6a7a823	Dc.Mach.DecodeTable.Part20
a6dff06f	Vsa.Sim.DecodeTable.Batch13Part29
a707b783	Dc.Mach.DecodeTable.Part20
a79ff06f	Vsa.Sim.DecodeTable.Batch13Part30
a79ff0ef	Dc.Mach.DecodeTable.Part20
a80510e3	Dc.Mach.DecodeTable.Part20
a8054ae3	Dc.Mach.DecodeTable.Part20
a81ff06f	Dc.Mach.DecodeTable.Part20
a84fe06f	Dc.Mach.DecodeTable.Part20
a88fe0ef	Dc.Mach.DecodeTable.Part20
a89ff0ef	Dc.Mach.DecodeTable.Part20
a8a7a623	Dc.Mach.DecodeTable.Part20
a8cfa0ef	Dc.Mach.DecodeTable.Part20
a8dff06f	Vsa.Sim.DecodeTable.Batch13Part31
a95fe0ef	Dc.Mach.DecodeTable.Part20
a98fa0ef	Dc.Mach.DecodeTable.Part20
a9cfe0ef	Dc.Mach.DecodeTable.Part20
aa0516e3	Dc.Mach.DecodeTable.Part20
aa0d14e3	Dc.Mach.DecodeTable.Part20
aa0fd0ef	Dc.Mach.DecodeTable.Part20
aa1fd0ef	Dc.Mach.DecodeTable.Part20
aa8ac6e3	Dc.Mach.DecodeTable.Part20
aa8ff06f	Dc.Mach.DecodeTable.Part20
aa9fe0ef	Dc.Mach.DecodeTable.Part20
aa9ff0ef	Dc.Mach.DecodeTable.Part20
ab07b783	Dc.Mach.DecodeTable.Part20
ab45a583	Dc.Mach.DecodeTable.Part20
ab9ff06f	Dc.Mach.DecodeTable.Part20
abcff06f	Vsa.Sim.DecodeTable.Batch13Part32
abdfd0ef	Dc.Mach.DecodeTable.Part20
ac058593	Dc.Mach.DecodeTable.Part20
ac1ff06f	Dc.Mach.DecodeTable.Part20
ac5fe0ef	Dc.Mach.DecodeTable.Part20
ac5ff0ef	Dc.Mach.DecodeTable.Part20
ac8fe0ef	Dc.Mach.DecodeTable.Part20
ac9ff0ef	Dc.Mach.DecodeTable.Part20
ad0fd0ef	Dc.Mach.DecodeTable.Part20
ad1ff0ef	Dc.Mach.DecodeTable.Part20
ad5fd0ef	Dc.Mach.DecodeTable.Part20
ae0510e3	Dc.Mach.DecodeTable.Part20
ae0a9ae3	Dc.Mach.DecodeTable.Part20
ae1fd0ef	Dc.Mach.DecodeTable.Part20
ae1ff06f	Dc.Mach.DecodeTable.Part20
ae443403	Dc.Mach.DecodeTable.Part20
ae9ff06f	Dc.Mach.DecodeTable.Part20
aedff06f	Vsa.Sim.DecodeTable.Batch14Part01
aedff0ef	Dc.Mach.DecodeTable.Part20
af4b0b13	Dc.Mach.DecodeTable.Part20
af5fe0ef	Dc.Mach.DecodeTable.Part20
af8ff0ef	Dc.Mach.DecodeTable.Part20
b0051ce3	Dc.Mach.DecodeTable.Part20
b00ff0ef	Dc.Mach.DecodeTable.Part20
b01ff0ef	Dc.Mach.DecodeTable.Part20
b05ff0ef	Dc.Mach.DecodeTable.Part20
b08ff0ef	Dc.Mach.DecodeTable.Part20
b09fc0ef	Dc.Mach.DecodeTable.Part20
b09fe0ef	Dc.Mach.DecodeTable.Part20
b0dff06f	Dc.Mach.DecodeTable.Part20
b0f72623	Dc.Mach.DecodeTable.Part20
b1080813	Dc.Mach.DecodeTable.Part20
b14f90ef	Dc.Mach.DecodeTable.Part20
b18fe0ef	Dc.Mach.DecodeTable.Part20
b19fe0ef	Dc.Mach.DecodeTable.Part20
b21fd0ef	Dc.Mach.DecodeTable.Part20
b21fe0ef	Dc.Mach.DecodeTable.Part20
b25ff06f	Dc.Mach.DecodeTable.Part20
b25ff0ef	Dc.Mach.DecodeTable.Part20
b28fd0ef	Dc.Mach.DecodeTable.Part20
b28fe0ef	Dc.Mach.DecodeTable.Part20
b29ff0ef	Dc.Mach.DecodeTable.Part20
b2c50513	Dc.Mach.DecodeTable.Part20
b2dfe0ef	Dc.Mach.DecodeTable.Part20
b2dff06f	Dc.Mach.DecodeTable.Part20
b2dff0ef	Dc.Mach.DecodeTable.Part20
b34fd0ef	Dc.Mach.DecodeTable.Part20
b35fe0ef	Dc.Mach.DecodeTable.Part20
b3cff0ef	Dc.Mach.DecodeTable.Part20
b3dfd0ef	Dc.Mach.DecodeTable.Part20
b3dfe0ef	Dc.Mach.DecodeTable.Part20
b3dff06f	Dc.Mach.DecodeTable.Part20
b40540e3	Dc.Mach.DecodeTable.Part20
b4c5a583	Dc.Mach.DecodeTable.Part20
b4e6b023	Dc.Mach.DecodeTable.Part20
b4e7a223	Dc.Mach.DecodeTable.Part20
b5458593	Dc.Mach.DecodeTable.Part20
b5463603	Dc.Mach.DecodeTable.Part20
b54fe0ef	Dc.Mach.DecodeTable.Part20
b55fd0ef	Dc.Mach.DecodeTable.Part20
b55ff06f	Vsa.Sim.DecodeTable.Batch14Part05
b55ff0ef	Dc.Mach.DecodeTable.Part20
b5843403	Dc.Mach.DecodeTable.Part20
b59fe0ef	Dc.Mach.DecodeTable.Part20
b5dff0ef	Dc.Mach.DecodeTable.Part20
b60618e3	Dc.Mach.DecodeTable.Part20
b6063603	Dc.Mach.DecodeTable.Part20
b61fd0ef	Dc.Mach.DecodeTable.Part20
b61fe0ef	Dc.Mach.DecodeTable.Part21
b61ff06f	Vsa.Sim.DecodeTable.Batch14Part05
b64fb0ef	Dc.Mach.DecodeTable.Part21
b65ff0ef	Dc.Mach.DecodeTable.Part21
b6853503	Dc.Mach.DecodeTable.Part21
b6dff06f	Dc.Mach.DecodeTable.Part21
b6f72623	Dc.Mach.DecodeTable.Part21
b7063603	Dc.Mach.DecodeTable.Part21
b71ff06f	Dc.Mach.DecodeTable.Part21
b7450513	Dc.Mach.DecodeTable.Part21
b7458593	Dc.Mach.DecodeTable.Part21
b7cfb0ef	Dc.Mach.DecodeTable.Part21
b7cff0ef	Dc.Mach.DecodeTable.Part21
b80806e3	Dc.Mach.DecodeTable.Part21
b80a0a13	Dc.Mach.DecodeTable.Part21
b85fc0ef	Dc.Mach.DecodeTable.Part21
b89ff06f	Vsa.Sim.DecodeTable.Batch14Part08
b907a783	Dc.Mach.DecodeTable.Part21
b91ff0ef	Dc.Mach.DecodeTable.Part21
b94fb0ef	Dc.Mach.DecodeTable.Part21
b94fc0ef	Dc.Mach.DecodeTable.Part21
b9dff06f	Dc.Mach.DecodeTable.Part21
ba0518e3	Dc.Mach.DecodeTable.Part21
ba0fc0ef	Dc.Mach.DecodeTable.Part21
ba1fc0ef	Dc.Mach.DecodeTable.Part21
bacfb0ef	Dc.Mach.DecodeTable.Part21
bb4ff0ef	Dc.Mach.DecodeTable.Part21
bb9fc0ef	Dc.Mach.DecodeTable.Part21
bbc5a583	Dc.Mach.DecodeTable.Part21
bbdff06f	Vsa.Sim.DecodeTable.Batch14Part09
bc050513	Dc.Mach.DecodeTable.Part21
bc0518e3	Dc.Mach.DecodeTable.Part21
bc0986e3	Dc.Mach.DecodeTable.Part21
bc1fc0ef	Dc.Mach.DecodeTable.Part21
bc863603	Dc.Mach.DecodeTable.Part21
bc8fb0ef	Dc.Mach.DecodeTable.Part21
bcc62603	Dc.Mach.DecodeTable.Part21
bcc73223	Dc.Mach.DecodeTable.Part21
bccfa0ef	Dc.Mach.DecodeTable.Part21
bccfc0ef	Dc.Mach.DecodeTable.Part21
bce7a423	Dc.Mach.DecodeTable.Part21
bce7e4e3	Dc.Mach.DecodeTable.Part21
bd058593	Dc.Mach.DecodeTable.Part21
bd07b783	Dc.Mach.DecodeTable.Part21
bd0ff0ef	Dc.Mach.DecodeTable.Part21
bd5fe0ef	Dc.Mach.DecodeTable.Part21
bd5ff0ef	Dc.Mach.DecodeTable.Part21
bd9f90ef	Dc.Mach.DecodeTable.Part21
bd9ff06f	Dc.Mach.DecodeTable.Part21
bdc50513	Dc.Mach.DecodeTable.Part21
be058593	Dc.Mach.DecodeTable.Part21
be0fb0ef	Dc.Mach.DecodeTable.Part21
be1ff06f	Dc.Mach.DecodeTable.Part21
be45a583	Dc.Mach.DecodeTable.Part21
be4f90ef	Dc.Mach.DecodeTable.Part21
be4ff0ef	Dc.Mach.DecodeTable.Part21
be5ff0ef	Dc.Mach.DecodeTable.Part21
be853503	Dc.Mach.DecodeTable.Part21
be858593	Dc.Mach.DecodeTable.Part21
beb50513	Dc.Mach.DecodeTable.Part21
bee7a823	Dc.Mach.DecodeTable.Part21
bf0ff0ef	Dc.Mach.DecodeTable.Part21
bf1ff06f	Dc.Mach.DecodeTable.Part21
bf4fe0ef	Dc.Mach.DecodeTable.Part21
bf9ff06f	Vsa.Sim.DecodeTable.Batch14Part12
bfc48493	Dc.Mach.DecodeTable.Part21
c0062603	Dc.Mach.DecodeTable.Part21
c0079ae3	Dc.Mach.DecodeTable.Part21
c007aa23	Dc.Mach.DecodeTable.Part21
c05fe0ef	Dc.Mach.DecodeTable.Part21
c09464e3	Dc.Mach.DecodeTable.Part21
c09f90ef	Dc.Mach.DecodeTable.Part21
c10fe0ef	Dc.Mach.DecodeTable.Part21
c14ff0ef	Dc.Mach.DecodeTable.Part21
c18fe0ef	Vsa.Sim.DecodeTable.Batch14Part14
c1cfe0ef	Dc.Mach.DecodeTable.Part21
c1dfe0ef	Dc.Mach.DecodeTable.Part21
c1dff06f	Dc.Mach.DecodeTable.Part21
c20514e3	Dc.Mach.DecodeTable.Part21
c21fe0ef	Dc.Mach.DecodeTable.Part21
c21ff0ef	Dc.Mach.DecodeTable.Part21
c25fe0ef	Dc.Mach.DecodeTable.Part21
c25ff0ef	Dc.Mach.DecodeTable.Part21
c287b783	Dc.Mach.DecodeTable.Part21
c28fe0ef	Dc.Mach.DecodeTable.Part21
c2973023	Dc.Mach.DecodeTable.Part21
c29fc0ef	Dc.Mach.DecodeTable.Part21
c2dff0ef	Vsa.Sim.DecodeTable.Batch14Part15
c30fd06f	Dc.Mach.DecodeTable.Part21
c31ff0ef	Dc.Mach.DecodeTable.Part21
c35fc0ef	Dc.Mach.DecodeTable.Part21
c35fe0ef	Dc.Mach.DecodeTable.Part21
c35ff06f	Vsa.Sim.DecodeTable.Batch14Part16
c35ff0ef	Dc.Mach.DecodeTable.Part21
c39f90ef	Dc.Mach.DecodeTable.Part21
c39fe0ef	Dc.Mach.DecodeTable.Part21
c40518e3	Dc.Mach.DecodeTable.Part21
c41fc0ef	Dc.Mach.DecodeTable.Part21
c41fe0ef	Dc.Mach.DecodeTable.Part21
c41ff06f	Vsa.Sim.DecodeTable.Batch14Part16
c4490913	Dc.Mach.DecodeTable.Part21
c49ff06f	Dc.Mach.DecodeTable.Part21
c49ff0ef	Dc.Mach.DecodeTable.Part21
c4cfd06f	Dc.Mach.DecodeTable.Part21
c4d63423	Dc.Mach.DecodeTable.Part21
c4dfc0ef	Dc.Mach.DecodeTable.Part21
c4dff06f	Dc.Mach.DecodeTable.Part21
c51ff06f	Vsa.Sim.DecodeTable.Batch14Part17
c5472703	Dc.Mach.DecodeTable.Part21
c55ff0ef	Dc.Mach.DecodeTable.Part22
c5863603	Dc.Mach.DecodeTable.Part22
c5dfe0ef	Dc.Mach.DecodeTable.Part22
c5dff06f	Dc.Mach.DecodeTable.Part22
c5dff0ef	Dc.Mach.DecodeTable.Part22
c61fe0ef	Dc.Mach.DecodeTable.Part22
c61ff0ef	Dc.Mach.DecodeTable.Part22
c69f90ef	Dc.Mach.DecodeTable.Part22
c6f49ce3	Dc.Mach.DecodeTable.Part22
c75fe0ef	Dc.Mach.DecodeTable.Part22
c75ff06f	Dc.Mach.DecodeTable.Part22
c7898993	Dc.Mach.DecodeTable.Part22
c78ff0ef	Dc.Mach.DecodeTable.Part22
c79ff06f	Vsa.Sim.DecodeTable.Batch14Part18
c8443403	Dc.Mach.DecodeTable.Part22
c8453503	Dc.Mach.DecodeTable.Part22
c8c7a783	Dc.Mach.DecodeTable.Part22
c8f5a023	Dc.Mach.DecodeTable.Part22
c95ff06f	Vsa.Sim.DecodeTable.Batch14Part19
c99fe0ef	Dc.Mach.DecodeTable.Part22
c9cfe0ef	Dc.Mach.DecodeTable.Part22
ca0516e3	Dc.Mach.DecodeTable.Part22
ca053503	Dc.Mach.DecodeTable.Part22
ca07aa23	Dc.Mach.DecodeTable.Part22
ca0fe0ef	Dc.Mach.DecodeTable.Part22
ca1fd0ef	Dc.Mach.DecodeTable.Part22
ca453503	Dc.Mach.DecodeTable.Part22
ca5fe0ef	Dc.Mach.DecodeTable.Part22
ca853503	Dc.Mach.DecodeTable.Part22
ca87b783	Dc.Mach.DecodeTable.Part22
ca973023	Dc.Mach.DecodeTable.Part22
cac50513	Dc.Mach.DecodeTable.Part22
cb45a583	Dc.Mach.DecodeTable.Part22
cbcff0ef	Dc.Mach.DecodeTable.Part22
cbdff06f	Vsa.Sim.DecodeTable.Batch14Part21
cc1ff06f	Dc.Mach.DecodeTable.Part22
cc4fe0ef	Dc.Mach.DecodeTable.Part22
cc5ff06f	Vsa.Sim.DecodeTable.Batch14Part21
cc5ff0ef	Dc.Mach.DecodeTable.Part22
cc9fa0ef	Dc.Mach.DecodeTable.Part22
cc9fb0ef	Dc.Mach.DecodeTable.Part22
ccc5a583	Dc.Mach.DecodeTable.Part22
ccd80813	Dc.Mach.DecodeTable.Part22
ccfb0ae3	Dc.Mach.DecodeTable.Part22
cd053503	Dc.Mach.DecodeTable.Part22
cd5fc0ef	Dc.Mach.DecodeTable.Part22
cddfd0ef	Dc.Mach.DecodeTable.Part22
ce063603	Dc.Mach.DecodeTable.Part22
ce07a823	Dc.Mach.DecodeTable.Part22
ce1fe0ef	Dc.Mach.DecodeTable.Part22
ce45a583	Dc.Mach.DecodeTable.Part22
ce5fe0ef	Dc.Mach.DecodeTable.Part22
ce5ff06f	Dc.Mach.DecodeTable.Part22
ce87b783	Dc.Mach.DecodeTable.Part22
ce973023	Dc.Mach.DecodeTable.Part22
cef040e3	Dc.Mach.DecodeTable.Part22
cf058593	Dc.Mach.DecodeTable.Part22
cf1fe0ef	Dc.Mach.DecodeTable.Part22
cf4f90ef	Dc.Mach.DecodeTable.Part22
cf5ff06f	Dc.Mach.DecodeTable.Part22
cfc58593	Dc.Mach.DecodeTable.Part22
cfcfe06f	Dc.Mach.DecodeTable.Part22
cfdff06f	Vsa.Sim.DecodeTable.Batch14Part24
d0050ae3	Dc.Mach.DecodeTable.Part22
d0051ae3	Dc.Mach.DecodeTable.Part22
d006ae23	Dc.Mach.DecodeTable.Part22
d00790e3	Dc.Mach.DecodeTable.Part22
d00a9ce3	Dc.Mach.DecodeTable.Part22
d00d10e3	Dc.Mach.DecodeTable.Part22
d00d8d93	Dc.Mach.DecodeTable.Part22
d08b8b93	Dc.Mach.DecodeTable.Part22
d09ff06f	Vsa.Sim.DecodeTable.Batch14Part25
d0f6a623	Dc.Mach.DecodeTable.Part22
d0f70ce3	Dc.Mach.DecodeTable.Part22
d11fe0ef	Dc.Mach.DecodeTable.Part22
d15ff06f	Dc.Mach.DecodeTable.Part22
d2460613	Dc.Mach.DecodeTable.Part22
d25ff06f	Dc.Mach.DecodeTable.Part22
d2858593	Dc.Mach.DecodeTable.Part22
d29464e3	Dc.Mach.DecodeTable.Part22
d30798e3	Dc.Mach.DecodeTable.Part22
d31ff06f	Vsa.Sim.DecodeTable.Batch14Part26
d3828293	Dc.Mach.DecodeTable.Part22
d38ff0ef	Dc.Mach.DecodeTable.Part22
d3c53503	Dc.Mach.DecodeTable.Part22
d3dfe0ef	Vsa.Sim.DecodeTable.Batch14Part27
d40510e3	Dc.Mach.DecodeTable.Part22
d4058593	Dc.Mach.DecodeTable.Part22
d4079ce3	Dc.Mach.DecodeTable.Part22
d40f90ef	Dc.Mach.DecodeTable.Part22
d40ff0ef	Dc.Mach.DecodeTable.Part22
d48ff0ef	Vsa.Sim.DecodeTable.Batch14Part28
d49ff06f	Vsa.Sim.DecodeTable.Batch14Part28
d4c58593	Dc.Mach.DecodeTable.Part22
d4c90913	Dc.Mach.DecodeTable.Part22
d4cfe0ef	Dc.Mach.DecodeTable.Part22
d4f056e3	Dc.Mach.DecodeTable.Part22
d5058593	Dc.Mach.DecodeTable.Part22
d50fd06f	Dc.Mach.DecodeTable.Part22
d50ff0ef	Dc.Mach.DecodeTable.Part22
d51ff06f	Vsa.Sim.DecodeTable.Batch14Part28
d5cff0ef	Dc.Mach.DecodeTable.Part22
d5dff06f	Vsa.Sim.DecodeTable.Batch14Part29
d60fd0ef	Dc.Mach.DecodeTable.Part22
d61ff06f	Dc.Mach.DecodeTable.Part22
d6453503	Dc.Mach.DecodeTable.Part22
d65ff06f	Dc.Mach.DecodeTable.Part22
d68fb0ef	Dc.Mach.DecodeTable.Part22
d6c53503	Dc.Mach.DecodeTable.Part22
d6cf90ef	Dc.Mach.DecodeTable.Part22
d6cfd06f	Dc.Mach.DecodeTable.Part22
d6dfe0ef	Vsa.Sim.DecodeTable.Batch14Part29
d70ff0ef	Dc.Mach.DecodeTable.Part22
d7440413	Dc.Mach.DecodeTable.Part23
d75ff06f	Dc.Mach.DecodeTable.Part23
d75ff0ef	Dc.Mach.DecodeTable.Part23
d80516e3	Dc.Mach.DecodeTable.Part23
d80518e3	Dc.Mach.DecodeTable.Part23
d81ff06f	Vsa.Sim.DecodeTable.Batch14Part31
d8858593	Dc.Mach.DecodeTable.Part23
d89fe0ef	Dc.Mach.DecodeTable.Part23
d89ff06f	Dc.Mach.DecodeTable.Part23
d8dfe0ef	Dc.Mach.DecodeTable.Part23
d99ff06f	Vsa.Sim.DecodeTable.Batch14Part31
d9c53503	Dc.Mach.DecodeTable.Part23
d9dfa0ef	Dc.Mach.DecodeTable.Part23
d9dff06f	Dc.Mach.DecodeTable.Part23
da0798e3	Dc.Mach.DecodeTable.Part23
da5ff0ef	Dc.Mach.DecodeTable.Part23
da9fe0ef	Dc.Mach.DecodeTable.Part23
daa7fae3	Dc.Mach.DecodeTable.Part23
dadfe0ef	Dc.Mach.DecodeTable.Part23
dadff06f	Vsa.Sim.DecodeTable.Batch14Part32
dadff0ef	Dc.Mach.DecodeTable.Part23
db0fe0ef	Dc.Mach.DecodeTable.Part23
db4ff06f	Vsa.Sim.DecodeTable.Batch15Part01
db5ff06f	Vsa.Sim.DecodeTable.Batch15Part01
dbdfe0ef	Dc.Mach.DecodeTable.Part23
dc0406e3	Dc.Mach.DecodeTable.Part23
dc0514e3	Dc.Mach.DecodeTable.Part23
dc0780e3	Dc.Mach.DecodeTable.Part23
dc1ff06f	Vsa.Sim.DecodeTable.Batch15Part01
dc4fd0ef	Dc.Mach.DecodeTable.Part23
dc4ff0ef	Dc.Mach.DecodeTable.Part23
dc5ff06f	Vsa.Sim.DecodeTable.Batch15Part01
dce7fee3	Dc.Mach.DecodeTable.Part23
dcf408e3	Dc.Mach.DecodeTable.Part23
dd1ff06f	Vsa.Sim.DecodeTable.Batch15Part02
dd5ff0ef	Dc.Mach.DecodeTable.Part23
dd9fc0ef	Dc.Mach.DecodeTable.Part23
dd9ff06f	Vsa.Sim.DecodeTable.Batch15Part02
dddff06f	Dc.Mach.DecodeTable.Part23
de078ae3	Dc.Mach.DecodeTable.Part23
de0fc0ef	Dc.Mach.DecodeTable.Part23
de4ff0ef	Vsa.Sim.DecodeTable.Batch15Part03
de5ff06f	Vsa.Sim.DecodeTable.Batch15Part03
de863603	Dc.Mach.DecodeTable.Part23
de9460e3	Dc.Mach.DecodeTable.Part23
dea05ee3	Dc.Mach.DecodeTable.Part23
dec5a583	Dc.Mach.DecodeTable.Part23
def598e3	Dc.Mach.DecodeTable.Part23
df050513	Dc.Mach.DecodeTable.Part23
df053503	Dc.Mach.DecodeTable.Part23
df078793	Dc.Mach.DecodeTable.Part23
df0ff0ef	Dc.Mach.DecodeTable.Part23
df1ff06f	Dc.Mach.DecodeTable.Part23
df8e3e03	Dc.Mach.DecodeTable.Part23
df9fe0ef	Dc.Mach.DecodeTable.Part23
dfc58593	Dc.Mach.DecodeTable.Part23
e0051ce3	Dc.Mach.DecodeTable.Part23
e0051ee3	Dc.Mach.DecodeTable.Part23
e0078ce3	Dc.Mach.DecodeTable.Part23
e0079ae3	Dc.Mach.DecodeTable.Part23
e0079ee3	Dc.Mach.DecodeTable.Part23
e00f90ef	Dc.Mach.DecodeTable.Part23
e01ff06f	Vsa.Sim.DecodeTable.Batch15Part04
e04fa0ef	Dc.Mach.DecodeTable.Part23
e05fe0ef	Dc.Mach.DecodeTable.Part23
e05ff0ef	Vsa.Sim.DecodeTable.Batch17
e09fc0ef	Dc.Mach.DecodeTable.Part23
e11ff06f	Vsa.Sim.DecodeTable.Batch15Part05
e14ff0ef	Dc.Mach.DecodeTable.Part23
e15fa0ef	Dc.Mach.DecodeTable.Part23
e1852503	Dc.Mach.DecodeTable.Part23
e1cfd0ef	Dc.Mach.DecodeTable.Part23
e1dfe0ef	Dc.Mach.DecodeTable.Part23
e1dff06f	Dc.Mach.DecodeTable.Part23
e1dff0ef	Vsa.Sim.DecodeTable.Batch15Part06
e2060613	Dc.Mach.DecodeTable.Part23
e25ff0ef	Dc.Mach.DecodeTable.Part23
e2858593	Dc.Mach.DecodeTable.Part23
e28ff0ef	Dc.Mach.DecodeTable.Part23
e29464e3	Dc.Mach.DecodeTable.Part23
e29fe0ef	Dc.Mach.DecodeTable.Part23
e29ff06f	Vsa.Sim.DecodeTable.Batch15Part06
e2dff0ef	Dc.Mach.DecodeTable.Part23
e31fe0ef	Dc.Mach.DecodeTable.Part23
e34f90ef	Dc.Mach.DecodeTable.Part23
e38fa0ef	Dc.Mach.DecodeTable.Part23
e39ff06f	Vsa.Sim.DecodeTable.Batch15Part07
e40518e3	Dc.Mach.DecodeTable.Part23
e4051ae3	Dc.Mach.DecodeTable.Part23
e40782e3	Dc.Mach.DecodeTable.Part23
e40d98e3	Dc.Mach.DecodeTable.Part23
e41ff06f	Vsa.Sim.DecodeTable.Batch15Part07
e49464e3	Dc.Mach.DecodeTable.Part23
e4aa62e3	Dc.Mach.DecodeTable.Part23
e4ca0a13	Dc.Mach.DecodeTable.Part23
e4f70ae3	Dc.Mach.DecodeTable.Part23
e5063603	Dc.Mach.DecodeTable.Part23
e51fa0ef	Dc.Mach.DecodeTable.Part23
e51ff06f	Dc.Mach.DecodeTable.Part23
e54ff0ef	Dc.Mach.DecodeTable.Part23
e59ff06f	Vsa.Sim.DecodeTable.Batch15Part08
e5dff0ef	Dc.Mach.DecodeTable.Part23
e6072e23	Dc.Mach.DecodeTable.Part23
e65ff06f	Vsa.Sim.DecodeTable.Batch15Part09
e68f90ef	Dc.Mach.DecodeTable.Part23
e69ff06f	Vsa.Sim.DecodeTable.Batch15Part09
e6a7d2e3	Dc.Mach.DecodeTable.Part23
e6c63603	Dc.Mach.DecodeTable.Part23
e6dff0ef	Dc.Mach.DecodeTable.Part23
e6f72e23	Dc.Mach.DecodeTable.Part23
e71ff06f	Dc.Mach.DecodeTable.Part23
e75ff06f	Vsa.Sim.DecodeTable.Batch15Part09
e78ff0ef	Dc.Mach.DecodeTable.Part23
e79ff06f	Vsa.Sim.DecodeTable.Batch15Part09
e7df90ef	Dc.Mach.DecodeTable.Part23
e7dff06f	Vsa.Sim.DecodeTable.Batch15Part10
e8050ae3	Dc.Mach.DecodeTable.Part23
e80512e3	Dc.Mach.DecodeTable.Part23
e8052503	Dc.Mach.DecodeTable.Part23
e80b0ce3	Dc.Mach.DecodeTable.Part23
e80fe06f	Dc.Mach.DecodeTable.Part23
e81ff06f	Vsa.Sim.DecodeTable.Batch15Part10
e85ff06f	Dc.Mach.DecodeTable.Part23
e8946ce3	Dc.Mach.DecodeTable.Part23
e89ff06f	Dc.Mach.DecodeTable.Part23
e8c58593	Dc.Mach.DecodeTable.Part24
e8f742e3	Dc.Mach.DecodeTable.Part24
e8fc6ce3	Dc.Mach.DecodeTable.Part24
e9053503	Dc.Mach.DecodeTable.Part24
e91ff06f	Vsa.Sim.DecodeTable.Batch15Part10
e94fe0ef	Dc.Mach.DecodeTable.Part24
e95796e3	Dc.Mach.DecodeTable.Part24
e98fc0ef	Dc.Mach.DecodeTable.Part24
e98ff0ef	Dc.Mach.DecodeTable.Part24
e99ff06f	Vsa.Sim.DecodeTable.Batch15Part11
e9cf90ef	Dc.Mach.DecodeTable.Part24
e9cfe0ef	Dc.Mach.DecodeTable.Part24
ea0518e3	Dc.Mach.DecodeTable.Part24
ea0792e3	Dc.Mach.DecodeTable.Part24
ea0794e3	Dc.Mach.DecodeTable.Part24
ea0ff0ef	Vsa.Sim.DecodeTable.Batch15Part11
ea1fa0ef	Dc.Mach.DecodeTable.Part24
ea5ff06f	Vsa.Sim.DecodeTable.Batch15Part11
eadfd0ef	Dc.Mach.DecodeTable.Part24
eb058593	Dc.Mach.DecodeTable.Part24
eb070713	Dc.Mach.DecodeTable.Part24
eb0fe0ef	Dc.Mach.DecodeTable.Part24
eb0ff0ef	Dc.Mach.DecodeTable.Part24
eb1fe0ef	Dc.Mach.DecodeTable.Part24
eb5ff06f	Vsa.Sim.DecodeTable.Batch15Part12
eb8fe06f	Dc.Mach.DecodeTable.Part24
eb9ff06f	Vsa.Sim.DecodeTable.Batch15Part12
ec059ee3	Dc.Mach.DecodeTable.Part24
ec079ae3	Dc.Mach.DecodeTable.Part24
ec0fb0ef	Dc.Mach.DecodeTable.Part24
ec1ff06f	Vsa.Sim.DecodeTable.Batch15Part13
ec4fe0ef	Dc.Mach.DecodeTable.Part24
ec5ff0ef	Dc.Mach.DecodeTable.Part24
ec9fd0ef	Dc.Mach.DecodeTable.Part24
ec9ff06f	Vsa.Sim.DecodeTable.Batch15Part13
ecc53503	Dc.Mach.DecodeTable.Part24
ecc60613	Dc.Mach.DecodeTable.Part24
ecdff06f	Vsa.Sim.DecodeTable.Batch15Part13
ecdff0ef	Dc.Mach.DecodeTable.Part24
ece7f0e3	Dc.Mach.DecodeTable.Part24
ed063603	Dc.Mach.DecodeTable.Part24
ed07b783	Dc.Mach.DecodeTable.Part24
ed0f90ef	Dc.Mach.DecodeTable.Part24
ed1f90ef	Dc.Mach.DecodeTable.Part24
ed1ff06f	Vsa.Sim.DecodeTable.Batch15Part14
ed4fc0ef	Dc.Mach.DecodeTable.Part24
ed4ff0ef	Dc.Mach.DecodeTable.Part24
ed5ff06f	Vsa.Sim.DecodeTable.Batch15Part14
ed9fa0ef	Dc.Mach.DecodeTable.Part24
edc78793	Dc.Mach.DecodeTable.Part24
eddfa0ef	Dc.Mach.DecodeTable.Part24
eddff06f	Vsa.Sim.DecodeTable.Batch15Part14
ee058593	Dc.Mach.DecodeTable.Part24
ee1fa0ef	Dc.Mach.DecodeTable.Part24
ee1fe0ef	Dc.Mach.DecodeTable.Part24
ee1ff06f	Vsa.Sim.DecodeTable.Batch15Part15
ee458593	Dc.Mach.DecodeTable.Part24
ee5ff06f	Dc.Mach.DecodeTable.Part24
ee853503	Dc.Mach.DecodeTable.Part24
ee8fb0ef	Dc.Mach.DecodeTable.Part24
ee9fa0ef	Dc.Mach.DecodeTable.Part24
ee9ff06f	Vsa.Sim.DecodeTable.Batch15Part15
eec63603	Dc.Mach.DecodeTable.Part24
eedff06f	Vsa.Sim.DecodeTable.Batch15Part15
eedff0ef	Vsa.Sim.DecodeTable.Batch15Part15
eef508e3	Vsa.Sim.DecodeTable.Batch15Part16
eef70ce3	Dc.Mach.DecodeTable.Part24
eefb5ae3	Dc.Mach.DecodeTable.Part24
ef4fe0ef	Dc.Mach.DecodeTable.Part24
ef5ff06f	Vsa.Sim.DecodeTable.Batch15Part16
ef9ff06f	Vsa.Sim.DecodeTable.Batch15Part16
efc50513	Dc.Mach.DecodeTable.Part24
efdfe0ef	Dc.Mach.DecodeTable.Part24
f00716e3	Dc.Mach.DecodeTable.Part24
f00782e3	Dc.Mach.DecodeTable.Part24
f00792e3	Dc.Mach.DecodeTable.Part24
f00798e3	Dc.Mach.DecodeTable.Part24
f01ff06f	Vsa.Sim.DecodeTable.Batch15Part17
f05ff06f	Vsa.Sim.DecodeTable.Batch15Part17
f0863603	Dc.Mach.DecodeTable.Part24
f0946ee3	Dc.Mach.DecodeTable.Part24
f09ff06f	Vsa.Sim.DecodeTable.Batch15Part17
f0c7b783	Dc.Mach.DecodeTable.Part24
f0d718e3	Dc.Mach.DecodeTable.Part24
f0dfe0ef	Dc.Mach.DecodeTable.Part24
f0dff06f	Vsa.Sim.DecodeTable.Batch15Part18
f0e7fae3	Dc.Mach.DecodeTable.Part24
f0fc1ee3	Dc.Mach.DecodeTable.Part24
f10fe0ef	Dc.Mach.DecodeTable.Part24
f14ff0ef	Dc.Mach.DecodeTable.Part24
f15d7ce3	Dc.Mach.DecodeTable.Part24
f1863603	Dc.Mach.DecodeTable.Part24
f18fb0ef	Dc.Mach.DecodeTable.Part24
f19fd0ef	Dc.Mach.DecodeTable.Part24
f19fe0ef	Dc.Mach.DecodeTable.Part24
f19ff06f	Dc.Mach.DecodeTable.Part24
f1dff06f	Dc.Mach.DecodeTable.Part24
f1dff0ef	Dc.Mach.DecodeTable.Part24
f2051ae3	Dc.Mach.DecodeTable.Part24
f2078ce3	Dc.Mach.DecodeTable.Part24
f2079ee3	Dc.Mach.DecodeTable.Part24
f25fe0ef	Dc.Mach.DecodeTable.Part24
f25ff06f	Vsa.Sim.DecodeTable.Batch15Part19
f2946ae3	Dc.Mach.DecodeTable.Part24
f29ff06f	Vsa.Sim.DecodeTable.Batch15Part19
f2b864e3	Dc.Mach.DecodeTable.Part24
f2c05ee3	Dc.Mach.DecodeTable.Part24
f2d77ae3	Dc.Mach.DecodeTable.Part24
f2dfe0ef	Dc.Mach.DecodeTable.Part24
f2dff06f	Vsa.Sim.DecodeTable.Batch15Part19
f2e786e3	Dc.Mach.DecodeTable.Part24
f2f054e3	Dc.Mach.DecodeTable.Part24
f3010113	Dc.Mach.DecodeTable.Part24
f3058593	Dc.Mach.DecodeTable.Part24
f31614e3	Dc.Mach.DecodeTable.Part24
f31ff06f	Vsa.Sim.DecodeTable.Batch15Part19
f34fe0ef	Dc.Mach.DecodeTable.Part24
f35ff06f	Vsa.Sim.DecodeTable.Batch15Part19
f39ff06f	Vsa.Sim.DecodeTable.Batch15Part20
f4010113	Dc.Mach.DecodeTable.Part24
f40510e3	Dc.Mach.DecodeTable.Part24
f4059ee3	Dc.Mach.DecodeTable.Part24
f40612e3	Dc.Mach.DecodeTable.Part24
f40680e3	Dc.Mach.DecodeTable.Part24
f40786e3	Dc.Mach.DecodeTable.Part24
f40788e3	Dc.Mach.DecodeTable.Part24
f41fe0ef	Dc.Mach.DecodeTable.Part24
f45514e3	Vsa.Sim.DecodeTable.Batch15Part21
f45ff06f	Vsa.Sim.DecodeTable.Batch15Part21
f4872703	Dc.Mach.DecodeTable.Part24
f4946ce3	Dc.Mach.DecodeTable.Part24
f49ff06f	Vsa.Sim.DecodeTable.Batch15Part21
f4b674e3	Dc.Mach.DecodeTable.Part25
f4d77ee3	Dc.Mach.DecodeTable.Part25
f4e78ae3	Dc.Mach.DecodeTable.Part25
f5010113	Vsa.Sim.DecodeTable.Batch15Part22
f50fb0ef	Dc.Mach.DecodeTable.Part25
f51ff0ef	Dc.Mach.DecodeTable.Part25
f52468e3	Dc.Mach.DecodeTable.Part25
f54492e3	Dc.Mach.DecodeTable.Part25
f55ff06f	Vsa.Sim.DecodeTable.Batch15Part22
f5749ae3	Dc.Mach.DecodeTable.Part25
f5858593	Dc.Mach.DecodeTable.Part25
f59ff06f	Vsa.Sim.DecodeTable.Batch15Part22
f5dff06f	Dc.Mach.DecodeTable.Part25
f6010113	Vsa.Sim.DecodeTable.Batch15Part22
f6048ce3	Dc.Mach.DecodeTable.Part25
f60794e3	Dc.Mach.DecodeTable.Part25
f607dae3	Dc.Mach.DecodeTable.Part25
f6090913	Dc.Mach.DecodeTable.Part25
f60d94e3	Dc.Mach.DecodeTable.Part25
f61fe0ef	Dc.Mach.DecodeTable.Part25
f61ff0ef	Vsa.Sim.DecodeTable.Batch15Part23
f66888e3	Dc.Mach.DecodeTable.Part25
f6dff06f	Vsa.Sim.DecodeTable.Batch15Part24
f6f04ce3	Dc.Mach.DecodeTable.Part25
f6f706e3	Dc.Mach.DecodeTable.Part25
f7010113	Vsa.Sim.DecodeTable.Batch15Part24
f707fee3	Dc.Mach.DecodeTable.Part25
f70fe0ef	Dc.Mach.DecodeTable.Part25
f70ff0ef	Dc.Mach.DecodeTable.Part25
f71ff06f	Vsa.Sim.DecodeTable.Batch15Part24
f7305ae3	Dc.Mach.DecodeTable.Part25
f75ff06f	Vsa.Sim.DecodeTable.Batch15Part24
f787b783	Dc.Mach.DecodeTable.Part25
f78ff0ef	Dc.Mach.DecodeTable.Part25
f79ff06f	Vsa.Sim.DecodeTable.Batch15Part25
f79ff0ef	Vsa.Sim.DecodeTable.Batch15Part25
f7a73823	Dc.Mach.DecodeTable.Part25
f7c63603	Dc.Mach.DecodeTable.Part25
f7dff06f	Dc.Mach.DecodeTable.Part25
f7dff0ef	Dc.Mach.DecodeTable.Part25
f8010113	Vsa.Sim.DecodeTable.Batch15Part25
f80514e3	Dc.Mach.DecodeTable.Part25
f8051ae3	Vsa.Sim.DecodeTable.Batch15Part26
f8078ae3	Dc.Mach.DecodeTable.Part25
f80798e3	Vsa.Sim.DecodeTable.Batch15Part27
f80fb0ef	Dc.Mach.DecodeTable.Part25
f81fa0ef	Dc.Mach.DecodeTable.Part25
f85ff06f	Vsa.Sim.DecodeTable.Batch15Part27
f8870713	Dc.Mach.DecodeTable.Part25
f89ff06f	Vsa.Sim.DecodeTable.Batch15Part27
f8cfc0ef	Dc.Mach.DecodeTable.Part25
f8dff06f	Vsa.Sim.DecodeTable.Batch15Part27
f8e7eae3	Dc.Mach.DecodeTable.Part25
f8f71ee3	Dc.Mach.DecodeTable.Part25
f8f73223	Dc.Mach.DecodeTable.Part25
f9010113	Vsa.Sim.DecodeTable.Batch15Part28
f9072703	Dc.Mach.DecodeTable.Part25
f90fd0ef	Dc.Mach.DecodeTable.Part25
f91ff06f	Vsa.Sim.DecodeTable.Batch15Part28
f91ff0ef	Vsa.Sim.DecodeTable.Batch15Part28
f9450513	Dc.Mach.DecodeTable.Part25
f94a8a93	Dc.Mach.DecodeTable.Part25
f95ff06f	Vsa.Sim.DecodeTable.Batch15Part28
f97cd4e3	Dc.Mach.DecodeTable.Part25
f99ff06f	Vsa.Sim.DecodeTable.Batch15Part28
f9c63603	Dc.Mach.DecodeTable.Part25
f9c73703	Dc.Mach.DecodeTable.Part25
f9d7879b	Dc.Mach.DecodeTable.Part25
f9dff06f	Vsa.Sim.DecodeTable.Batch15Part28
fa010113	Vsa.Sim.DecodeTable.Batch15Part29
fa041ee3	Dc.Mach.DecodeTable.Part25
fa0500e3	Dc.Mach.DecodeTable.Part25
fa0504e3	Dc.Mach.DecodeTable.Part25
fa0508e3	Dc.Mach.DecodeTable.Part25
fa050ae3	Dc.Mach.DecodeTable.Part25
fa050ce3	Vsa.Sim.DecodeTable.Batch15Part29
fa050ee3	Dc.Mach.DecodeTable.Part25
fa0600e3	Dc.Mach.DecodeTable.Part25
fa0618e3	Dc.Mach.DecodeTable.Part25
fa0b00e3	Dc.Mach.DecodeTable.Part25
fa0fe0ef	Dc.Mach.DecodeTable.Part25
fa140793	Dc.Mach.DecodeTable.Part25
fa1ff06f	Vsa.Sim.DecodeTable.Batch15Part30
fa5ff06f	Vsa.Sim.DecodeTable.Batch15Part30
fa872703	Dc.Mach.DecodeTable.Part25
fa87b783	Dc.Mach.DecodeTable.Part25
fa8ff0ef	Dc.Mach.DecodeTable.Part25
fa9ff06f	Vsa.Sim.DecodeTable.Batch15Part31
fabaf4e3	Dc.Mach.DecodeTable.Part25
fabafce3	Dc.Mach.DecodeTable.Part25
facfe0ef	Dc.Mach.DecodeTable.Part25
facff0ef	Dc.Mach.DecodeTable.Part25
fad5fae3	Dc.Mach.DecodeTable.Part25
fadff06f	Vsa.Sim.DecodeTable.Batch15Part31
faf50ce3	Dc.Mach.DecodeTable.Part25
faf71ce3	Dc.Mach.DecodeTable.Part25
fafbf0e3	Dc.Mach.DecodeTable.Part25
fafbf8e3	Dc.Mach.DecodeTable.Part25
fb010113	Vsa.Sim.DecodeTable.Batch15Part31
fb0f90ef	Dc.Mach.DecodeTable.Part25
fb0fb0ef	Dc.Mach.DecodeTable.Part25
fb473023	Dc.Mach.DecodeTable.Part25
fb4ff0ef	Dc.Mach.DecodeTable.Part25
fb5fe0ef	Dc.Mach.DecodeTable.Part25
fb5ff06f	Vsa.Sim.DecodeTable.Batch15Part32
fb5ff0ef	Vsa.Sim.DecodeTable.Batch15Part32
fb8fc0ef	Dc.Mach.DecodeTable.Part25
fb9fc06f	Dc.Mach.DecodeTable.Part25
fb9ff06f	Vsa.Sim.DecodeTable.Batch16Part01
fb9ff0ef	Dc.Mach.DecodeTable.Part25
fbdff06f	Vsa.Sim.DecodeTable.Batch16Part01
fbf4079b	Dc.Mach.DecodeTable.Part25
fbf5079b	Dc.Mach.DecodeTable.Part25
fc010113	Vsa.Sim.DecodeTable.Batch16Part01
fc0418e3	Dc.Mach.DecodeTable.Part25
fc041ce3	Dc.Mach.DecodeTable.Part25
fc0494e3	Dc.Mach.DecodeTable.Part25
fc0498e3	Dc.Mach.DecodeTable.Part25
fc0504e3	Vsa.Sim.DecodeTable.Batch16Part02
fc0508e3	Vsa.Sim.DecodeTable.Batch16Part02
fc051ee3	Dc.Mach.DecodeTable.Part25
fc061ee3	Dc.Mach.DecodeTable.Part25
fc0690e3	Dc.Mach.DecodeTable.Part25
fc0696e3	Dc.Mach.DecodeTable.Part25
fc069ae3	Dc.Mach.DecodeTable.Part25
fc0708e3	Dc.Mach.DecodeTable.Part25
fc071ee3	Dc.Mach.DecodeTable.Part25
fc078ee3	Dc.Mach.DecodeTable.Part25
fc0814e3	Dc.Mach.DecodeTable.Part25
fc0a1ee3	Dc.Mach.DecodeTable.Part25
fc0c00e3	Dc.Mach.DecodeTable.Part25
fc0ff0ef	Dc.Mach.DecodeTable.Part25
fc1ff06f	Vsa.Sim.DecodeTable.Batch16Part03
fc45881b	Dc.Mach.DecodeTable.Part25
fc5ff06f	Vsa.Sim.DecodeTable.Batch16Part04
fc669ae3	Dc.Mach.DecodeTable.Part25
fc873823	Dc.Mach.DecodeTable.Part25
fc94049b	Dc.Mach.DecodeTable.Part25
fc9462e3	Dc.Mach.DecodeTable.Part25
fc95059b	Dc.Mach.DecodeTable.Part26
fc9ff06f	Vsa.Sim.DecodeTable.Batch16Part04
fca79ee3	Dc.Mach.DecodeTable.Part26
fcc316e3	Dc.Mach.DecodeTable.Part26
fcc50ce3	Dc.Mach.DecodeTable.Part26
fcc51ae3	Dc.Mach.DecodeTable.Part26
fcc816e3	Dc.Mach.DecodeTable.Part26
fcce18e3	Dc.Mach.DecodeTable.Part26
fccfc0ef	Dc.Mach.DecodeTable.Part26
fccff0ef	Dc.Mach.DecodeTable.Part26
fcd89ae3	Dc.Mach.DecodeTable.Part26
fce046e3	Dc.Mach.DecodeTable.Part26
fce508e3	Dc.Mach.DecodeTable.Part26
fcf500e3	Dc.Mach.DecodeTable.Part26
fcf69ae3	Dc.Mach.DecodeTable.Part26
fcfe9ce3	Dc.Mach.DecodeTable.Part26
fd010113	Vsa.Sim.DecodeTable.Batch16Part06
fd04059b	Dc.Mach.DecodeTable.Part26
fd05059b	Dc.Mach.DecodeTable.Part26
fd05851b	Dc.Mach.DecodeTable.Part26
fd06859b	Dc.Mach.DecodeTable.Part26
fd06869b	Dc.Mach.DecodeTable.Part26
fd07069b	Vsa.Sim.DecodeTable.Batch16Part07
fd0c8c93	Dc.Mach.DecodeTable.Part26
fd0ff0ef	Vsa.Sim.DecodeTable.Batch16Part07
fd1fc0ef	Dc.Mach.DecodeTable.Part26
fd1ff06f	Vsa.Sim.DecodeTable.Batch16Part07
fd340793	Dc.Mach.DecodeTable.Part26
fd3796e3	Dc.Mach.DecodeTable.Part26
fd379ae3	Dc.Mach.DecodeTable.Part26
fd3af6e3	Dc.Mach.DecodeTable.Part26
fd4494e3	Dc.Mach.DecodeTable.Part26
fd458593	Dc.Mach.DecodeTable.Part26
fd57069b	Dc.Mach.DecodeTable.Part26
fd5ff06f	Vsa.Sim.DecodeTable.Batch16Part08
fd87b783	Dc.Mach.DecodeTable.Part26
fd9ff06f	Vsa.Sim.DecodeTable.Batch16Part08
fddff06f	Vsa.Sim.DecodeTable.Batch16Part08
fdf5871b	Dc.Mach.DecodeTable.Part26
fe010113	Vsa.Sim.DecodeTable.Batch16Part09
fe0412e3	Dc.Mach.DecodeTable.Part26
fe0416e3	Dc.Mach.DecodeTable.Part26
fe0504e3	Dc.Mach.DecodeTable.Part26
fe050713	Dc.Mach.DecodeTable.Part26
fe050793	Dc.Mach.DecodeTable.Part26
fe0508e3	Dc.Mach.DecodeTable.Part26
fe0512e3	Vsa.Sim.DecodeTable.Batch16Part09
fe0558e3	Vsa.Sim.DecodeTable.Batch16Part09
fe058793	Dc.Mach.DecodeTable.Part26
fe058813	Dc.Mach.DecodeTable.Part26
fe0596e3	Vsa.Sim.DecodeTable.Batch16Part09
fe0608e3	Dc.Mach.DecodeTable.Part26
fe0684e3	Dc.Mach.DecodeTable.Part26
fe0688e3	Dc.Mach.DecodeTable.Part26
fe068ae3	Vsa.Sim.DecodeTable.Batch16Part09
fe0696e3	Vsa.Sim.DecodeTable.Batch16Part09
fe06c0e3	Dc.Mach.DecodeTable.Part26
fe0704e3	Dc.Mach.DecodeTable.Part26
fe0708e3	Vsa.Sim.DecodeTable.Batch16Part10
fe0714e3	Vsa.Sim.DecodeTable.Batch16Part10
fe071ae3	Dc.Mach.DecodeTable.Part26
fe0788e3	Vsa.Sim.DecodeTable.Batch16Part10
fe078fa3	Vsa.Sim.DecodeTable.Batch16Part10
fe0792e3	Dc.Mach.DecodeTable.Part26
fe0794e3	Vsa.Sim.DecodeTable.Batch16Part10
fe0796e3	Vsa.Sim.DecodeTable.Batch16Part10
fe079ae3	Dc.Mach.DecodeTable.Part26
fe079ce3	Dc.Mach.DecodeTable.Part26
fe0800e3	Dc.Mach.DecodeTable.Part26
fe0888e3	Dc.Mach.DecodeTable.Part26
fe0fb0ef	Dc.Mach.DecodeTable.Part26
fe0fd0ef	Dc.Mach.DecodeTable.Part26
fe1ff06f	Vsa.Sim.DecodeTable.Batch16Part11
fe1ff0ef	Dc.Mach.DecodeTable.Part26
fe6798e3	Dc.Mach.DecodeTable.Part26
fe868fa3	Dc.Mach.DecodeTable.Part26
fe891ae3	Dc.Mach.DecodeTable.Part26
fe8998e3	Dc.Mach.DecodeTable.Part26
fe8bf2e3	Dc.Mach.DecodeTable.Part26
fe8fe0ef	Dc.Mach.DecodeTable.Part26
fe97c6e3	Dc.Mach.DecodeTable.Part26
fe97e0e3	Dc.Mach.DecodeTable.Part26
fe9fa0ef	Dc.Mach.DecodeTable.Part26
fe9ff06f	Dc.Mach.DecodeTable.Part26
fea79ae3	Dc.Mach.DecodeTable.Part26
fea7a223	Dc.Mach.DecodeTable.Part26
fea878e3	Dc.Mach.DecodeTable.Part26
feac8fa3	Vsa.Sim.DecodeTable.Batch16Part12
feb578e3	Dc.Mach.DecodeTable.Part26
feb66ae3	Vsa.Sim.DecodeTable.Batch16Part13
feb74ae3	Dc.Mach.DecodeTable.Part26
feb78fa3	Dc.Mach.DecodeTable.Part26
feb796e3	Dc.Mach.DecodeTable.Part26
feb79ae3	Dc.Mach.DecodeTable.Part26
feb804e3	Dc.Mach.DecodeTable.Part26
fec53503	Dc.Mach.DecodeTable.Part26
fec692e3	Dc.Mach.DecodeTable.Part26
fec698e3	Dc.Mach.DecodeTable.Part26
fec6c4e3	Dc.Mach.DecodeTable.Part26
fec70fa3	Dc.Mach.DecodeTable.Part26
fec790e3	Dc.Mach.DecodeTable.Part26
fec796e3	Dc.Mach.DecodeTable.Part26
fed5c4e3	Dc.Mach.DecodeTable.Part26
fed60fa3	Dc.Mach.DecodeTable.Part26
fed640e3	Dc.Mach.DecodeTable.Part26
fed70ce3	Dc.Mach.DecodeTable.Part26
fed70fa3	Vsa.Sim.DecodeTable.Batch16Part14
fed766e3	Dc.Mach.DecodeTable.Part26
fed78ce3	Dc.Mach.DecodeTable.Part26
fed792e3	Dc.Mach.DecodeTable.Part26
fedff06f	Vsa.Sim.DecodeTable.Batch18
fee53c23	Dc.Mach.DecodeTable.Part26
fee644e3	Dc.Mach.DecodeTable.Part26
fee6bc23	Dc.Mach.DecodeTable.Part26
fee78fa3	Vsa.Sim.DecodeTable.Batch16Part15
fee796e3	Dc.Mach.DecodeTable.Part26
fee79ce3	Vsa.Sim.DecodeTable.Batch16Part15
fee7c2e3	Dc.Mach.DecodeTable.Part26
fef040e3	Dc.Mach.DecodeTable.Part26
fef046e3	Dc.Mach.DecodeTable.Part26
fef598e3	Dc.Mach.DecodeTable.Part26
fef618e3	Dc.Mach.DecodeTable.Part26
fef61ce3	Dc.Mach.DecodeTable.Part26
fef6c2e3	Dc.Mach.DecodeTable.Part26
fef70fa3	Vsa.Sim.DecodeTable.Batch16Part16
fef710e3	Dc.Mach.DecodeTable.Part26
fef71ce3	Vsa.Sim.DecodeTable.Batch16Part16
ff010113	Vsa.Sim.DecodeTable.Batch16Part17
ff050793	Dc.Mach.DecodeTable.Part26
ff053703	Dc.Mach.DecodeTable.Part26
ff057513	Dc.Mach.DecodeTable.Part27
ff068793	Dc.Mach.DecodeTable.Part27
ff06b583	Dc.Mach.DecodeTable.Part27
ff06f693	Dc.Mach.DecodeTable.Part27
ff0740e3	Dc.Mach.DecodeTable.Part27
ff241ae3	Dc.Mach.DecodeTable.Part27
ff4fd0ef	Dc.Mach.DecodeTable.Part27
ff4fe0ef	Dc.Mach.DecodeTable.Part27
ff5ff06f	Dc.Mach.DecodeTable.Part27
ff650793	Dc.Mach.DecodeTable.Part27
ff67859b	Dc.Mach.DecodeTable.Part27
ff67879b	Dc.Mach.DecodeTable.Part27
ff75079b	Dc.Mach.DecodeTable.Part27
ff75879b	Dc.Mach.DecodeTable.Part27
ff77071b	Dc.Mach.DecodeTable.Part27
ff810113	Dc.Mach.DecodeTable.Part27
ff853503	Dc.Mach.DecodeTable.Part27
ff9510e3	Dc.Mach.DecodeTable.Part27
ffc58593	Vsa.Sim.DecodeTable.Batch16Part22
ffe5071b	Dc.Mach.DecodeTable.Part27
ffeb0b1b	Dc.Mach.DecodeTable.Part27
fff00293	Dc.Mach.DecodeTable.Part27
fff00513	Vsa.Sim.DecodeTable.Batch16Part26
fff00593	Vsa.Sim.DecodeTable.Batch16Part26
fff00693	Vsa.Sim.DecodeTable.Batch16Part26
fff00793	Vsa.Sim.DecodeTable.Batch16Part26
fff00a13	Vsa.Sim.DecodeTable.Batch16Part26
fff00a93	Vsa.Sim.DecodeTable.Batch16Part26
fff00c93	Vsa.Sim.DecodeTable.Batch16Part26
fff30313	Dc.Mach.DecodeTable.Part27
fff40413	Vsa.Sim.DecodeTable.Batch16Part27
fff4041b	Vsa.Sim.DecodeTable.Batch16Part27
fff40793	Dc.Mach.DecodeTable.Part27
fff40813	Dc.Mach.DecodeTable.Part27
fff44703	Dc.Mach.DecodeTable.Part27
fff48493	Dc.Mach.DecodeTable.Part27
fff48513	Dc.Mach.DecodeTable.Part27
fff4861b	Dc.Mach.DecodeTable.Part27
fff50513	Dc.Mach.DecodeTable.Part27
fff5069b	Dc.Mach.DecodeTable.Part27
fff5079b	Vsa.Sim.DecodeTable.Batch16Part27
fff54513	Dc.Mach.DecodeTable.Part27
fff58593	Dc.Mach.DecodeTable.Part27
fff58713	Dc.Mach.DecodeTable.Part27
fff5879b	Dc.Mach.DecodeTable.Part27
fff5889b	Dc.Mach.DecodeTable.Part27
fff60613	Vsa.Sim.DecodeTable.Batch16Part27
fff6061b	Dc.Mach.DecodeTable.Part27
fff6069b	Dc.Mach.DecodeTable.Part27
fff64613	Vsa.Sim.DecodeTable.Batch16Part28
fff68693	Vsa.Sim.DecodeTable.Batch16Part28
fff6869b	Vsa.Sim.DecodeTable.Batch16Part28
fff68713	Vsa.Sim.DecodeTable.Batch16Part28
fff68793	Dc.Mach.DecodeTable.Part27
fff7069b	Dc.Mach.DecodeTable.Part27
fff70713	Vsa.Sim.DecodeTable.Batch16Part28
fff7071b	Vsa.Sim.DecodeTable.Batch16Part28
fff70793	Vsa.Sim.DecodeTable.Batch16Part28
fff7079b	Dc.Mach.DecodeTable.Part27
fff7081b	Dc.Mach.DecodeTable.Part27
fff74793	Vsa.Sim.DecodeTable.Batch16Part29
fff78693	Dc.Mach.DecodeTable.Part27
fff7869b	Dc.Mach.DecodeTable.Part27
fff78793	Vsa.Sim.DecodeTable.Batch16Part29
fff7879b	Vsa.Sim.DecodeTable.Batch16Part29
fff7881b	Dc.Mach.DecodeTable.Part27
fff7c703	Vsa.Sim.DecodeTable.Batch16Part29
fff80813	Dc.Mach.DecodeTable.Part27
fff88893	Dc.Mach.DecodeTable.Part27
fff8889b	Vsa.Sim.DecodeTable.Batch16Part29
fff8c313	Dc.Mach.DecodeTable.Part27
fff8c813	Dc.Mach.DecodeTable.Part27
fff9079b	Dc.Mach.DecodeTable.Part27
fff90913	Vsa.Sim.DecodeTable.Batch16Part30
fff98993	Dc.Mach.DecodeTable.Part27
fff9899b	Vsa.Sim.DecodeTable.Batch16Part30
fff9c993	Dc.Mach.DecodeTable.Part27
fffa0a13	Vsa.Sim.DecodeTable.Batch16Part30
fffa8493	Dc.Mach.DecodeTable.Part27
fffaca13	Dc.Mach.DecodeTable.Part27
fffb0a1b	Dc.Mach.DecodeTable.Part27
fffb0b1b	Vsa.Sim.DecodeTable.Batch16Part30
fffb859b	Dc.Mach.DecodeTable.Part27
fffb8b93	Vsa.Sim.DecodeTable.Batch16Part31
fffb8b9b	Vsa.Sim.DecodeTable.Batch16Part31
fffc0313	Dc.Mach.DecodeTable.Part27
fffcc503	Dc.Mach.DecodeTable.Part27
fffd0d1b	Dc.Mach.DecodeTable.Part27
fffe4313	Dc.Mach.DecodeTable.Part27
fffe4e93	Dc.Mach.DecodeTable.Part27
fffff517	Dc.Mach.DecodeTable.Part27
fffff617	Dc.Mach.DecodeTable.Part27
